address_street,city,state,zip_code,price,beds,baths,area_sq_ft,latitude,longitude,status_text,list_url,date_scraped,listing_id,listing_time
918 W Linger Ln,Phoenix,AZ,85021,"$1,995,000",5,4,"4,775",33.55218,-112.08601,House for sale,https://www.zillow.com/homedetails/918-W-Linger-Ln-Phoenix-AZ-85021/7776863_zpid/,06-23-2022_21:28:03,7776863,13 minutes ago
5443 E Hashknife Rd,Phoenix,AZ,85054,"$1,699,000",3,3,"3,762",33.693684,-111.9579,House for sale,https://www.zillow.com/homedetails/5443-E-Hashknife-Rd-Phoenix-AZ-85054/7989493_zpid/,06-23-2022_21:28:03,7989493,30 minutes ago
3208 W Silver Sage Ln,Phoenix,AZ,85083,"$595,000",4,3,"2,842",33.75517,-112.1606,House for sale,https://www.zillow.com/homedetails/3208-W-Silver-Sage-Ln-Phoenix-AZ-85083/55205616_zpid/,06-23-2022_21:28:03,55205616,Open: Fri. 4-7pm
1501 W Grovers Ave,Phoenix,AZ,85023,"$399,000",3,2,"1,998",33.647167,-112.09174,House for sale,https://www.zillow.com/homedetails/1501-W-Grovers-Ave-Phoenix-AZ-85023/7963953_zpid/,06-23-2022_21:28:03,7963953,34 minutes ago
207 W Clarendon Ave #F16,Phoenix,AZ,85013,"$399,000",3,2,"1,542",33.49109,-112.07668,Apartment for sale,https://www.zillow.com/homedetails/207-W-Clarendon-Ave-F16-Phoenix-AZ-85013/2062653573_zpid/,06-23-2022_21:28:03,2062653573,36 minutes ago
16201 N 33rd Ln,Phoenix,AZ,85053,"$450,000",5,3,"2,246",33.629303,-112.1335,House for sale,https://www.zillow.com/homedetails/16201-N-33rd-Ln-Phoenix-AZ-85053/7953860_zpid/,06-23-2022_21:28:03,7953860,38 minutes ago
4346 E Earll Dr,Phoenix,AZ,85018,"$450,000",3,1,"1,128",33.48463,-111.98722,House for sale,https://www.zillow.com/homedetails/4346-E-Earll-Dr-Phoenix-AZ-85018/7563730_zpid/,06-23-2022_21:28:03,7563730,41 minutes ago
4251 E Nisbet Rd,Phoenix,AZ,85032,"$650,000",4,2,"2,063",33.622433,-111.98945,House for sale,https://www.zillow.com/homedetails/4251-E-Nisbet-Rd-Phoenix-AZ-85032/8029986_zpid/,06-23-2022_21:28:03,8029986,Open: Sat. 11am-2pm
17017 N 12th St UNIT 1115,Phoenix,AZ,85022,"$209,000",1,1,757,33.64081,-112.05578,Apartment for sale,https://www.zillow.com/homedetails/17017-N-12th-St-UNIT-1115-Phoenix-AZ-85022/71630672_zpid/,06-23-2022_21:28:03,71630672,50 minutes ago
4421 E Pueblo Ave,Phoenix,AZ,85040,"$180,000",2,2,"1,090",33.407646,-111.9862,Townhouse for sale,https://www.zillow.com/homedetails/4421-E-Pueblo-Ave-Phoenix-AZ-85040/7557323_zpid/,06-23-2022_21:28:03,7557323,4 hours ago
2207 W Le Marche Ave,Phoenix,AZ,85023,"$420,000",2,3,"1,310",33.631683,-112.106125,House for sale,https://www.zillow.com/homedetails/2207-W-Le-Marche-Ave-Phoenix-AZ-85023/89456995_zpid/,06-23-2022_21:28:03,89456995,4 hours ago
8185 W Groom Creek Rd,Phoenix,AZ,85043,"$350,000",3,3,"1,453",33.463787,-112.23488,Townhouse for sale,https://www.zillow.com/homedetails/8185-W-Groom-Creek-Rd-Phoenix-AZ-85043/88786164_zpid/,06-23-2022_21:28:03,88786164,Open: Sat. 9am-12pm
2719 E Bluefield Ave,Phoenix,AZ,85032,"$440,000",4,3,"1,707",33.65364,-112.02362,House for sale,https://www.zillow.com/homedetails/2719-E-Bluefield-Ave-Phoenix-AZ-85032/8000073_zpid/,06-23-2022_21:28:03,8000073,Open: Sat. 12-3pm
4433 E Wood St,Phoenix,AZ,85040,"$185,000",2,2,924,33.408306,-111.98558,Townhouse for sale,https://www.zillow.com/homedetails/4433-E-Wood-St-Phoenix-AZ-85040/7557163_zpid/,06-23-2022_21:28:03,7557163,4 hours ago
1612 N 49th Ave,Phoenix,AZ,85035,"$360,000",4,2,"1,284",33.466797,-112.16666,House for sale,https://www.zillow.com/homedetails/1612-N-49th-Ave-Phoenix-AZ-85035/7494920_zpid/,06-23-2022_21:28:03,7494920,4 hours ago
4819 N Limonero Cir,Phoenix,AZ,85037,"$410,000",3,2,"1,416",33.50622,-112.28128,House for sale,https://www.zillow.com/homedetails/4819-N-Limonero-Cir-Phoenix-AZ-85037/7484092_zpid/,06-23-2022_21:28:03,7484092,4 hours ago
6623 N 19th St,Phoenix,AZ,85016,"$689,900",4,2,"2,260",33.533897,-112.03974,House for sale,https://www.zillow.com/homedetails/6623-N-19th-St-Phoenix-AZ-85016/7807992_zpid/,06-23-2022_21:28:03,7807992,4 hours ago
3941 W Acoma Dr,Phoenix,AZ,85053,"$825,000",4,3,"2,197",33.61772,-112.14526,House for sale,https://www.zillow.com/homedetails/3941-W-Acoma-Dr-Phoenix-AZ-85053/7945261_zpid/,06-23-2022_21:28:03,7945261,4 hours ago
8602 N Dove Cir,Phoenix,AZ,85028,"$4,350,000",5,6,"5,920",33.563236,-111.98161,House for sale,https://www.zillow.com/homedetails/8602-N-Dove-Cir-Phoenix-AZ-85028/7830412_zpid/,06-23-2022_21:28:03,7830412,3D Homes Icon3D Tour
15039 N 30th Dr,Phoenix,AZ,85053,"$415,000",4,2,"2,160",33.622612,-112.1238,House for sale,https://www.zillow.com/homedetails/15039-N-30th-Dr-Phoenix-AZ-85053/7952779_zpid/,06-23-2022_21:28:03,7952779,7 hours ago
34113 N 24th Dr,Phoenix,AZ,85085,"$720,000",5,3,"3,275",33.794437,-112.11171,House for sale,https://www.zillow.com/homedetails/34113-N-24th-Dr-Phoenix-AZ-85085/61629027_zpid/,06-23-2022_21:28:03,61629027,7 hours ago
4410 N Longview Ave UNIT 206,Phoenix,AZ,85014,"$249,500",2,2,860,33.50034,-112.05453,Condo for sale,https://www.zillow.com/homedetails/4410-N-Longview-Ave-UNIT-206-Phoenix-AZ-85014/81957724_zpid/,06-23-2022_21:28:03,81957724,7 hours ago
8845 N 29th Ave,Phoenix,AZ,85051,"$249,950",3,2,"1,176",33.56729,-112.12097,House for sale,https://www.zillow.com/homedetails/8845-N-29th-Ave-Phoenix-AZ-85051/59270994_zpid/,06-23-2022_21:28:03,59270994,7 hours ago
7228 S 74th Ln,Laveen,AZ,85339,"$499,900",4,2,"2,145",33.38051,-112.2194,House for sale,https://www.zillow.com/homedetails/7228-S-74th-Ln-Laveen-AZ-85339/71612361_zpid/,06-23-2022_21:28:03,71612361,7 hours ago
5415 W Yearling Rd,Phoenix,AZ,85083,"$682,000",3,3,"2,446",33.718925,-112.17357,House for sale,https://www.zillow.com/homedetails/5415-W-Yearling-Rd-Phoenix-AZ-85083/95136034_zpid/,06-23-2022_21:28:03,95136034,7 hours ago
16243 N 31st St,Phoenix,AZ,85032,"$3,500,000",3,1,"11,200",33.63541,-112.01505,Multi-family home for sale,https://www.zillow.com/homedetails/16243-N-31st-St-Phoenix-AZ-85032/2062660085_zpid/,06-23-2022_21:28:03,2062660085,7 hours ago
3229 E Willetta St,Phoenix,AZ,85008,"$449,900",4,2,"1,570",33.463665,-112.0115,House for sale,https://www.zillow.com/homedetails/3229-E-Willetta-St-Phoenix-AZ-85008/7544004_zpid/,06-23-2022_21:28:03,7544004,7 hours ago
5737 N 38th Ave,Phoenix,AZ,85019,"$339,900",4,2,"1,668",33.521957,-112.14005,House for sale,https://www.zillow.com/homedetails/5737-N-38th-Ave-Phoenix-AZ-85019/7719040_zpid/,06-23-2022_21:28:03,7719040,12 hours ago
2641 E Aire Libre Ave,Phoenix,AZ,85032,"$150,000",5,1,561,33.636707,-112.024704,Home for sale,https://www.zillow.com/homedetails/2641-E-Aire-Libre-Ave-Phoenix-AZ-85032/8005621_zpid/,06-23-2022_21:28:03,8005621,12 hours ago
21655 N 36th Ave UNIT 126,Glendale,AZ,85308,"$389,000",3,3,"1,457",33.683506,-112.13724,Townhouse for sale,https://www.zillow.com/homedetails/21655-N-36th-Ave-UNIT-126-Glendale-AZ-85308/88789604_zpid/,06-23-2022_21:28:03,88789604,13 hours ago
11645 N 50th St,Scottsdale,AZ,85254,"$1,495,000",5,3,"2,900",33.593273,-111.973114,House for sale,https://www.zillow.com/homedetails/11645-N-50th-St-Scottsdale-AZ-85254/7826367_zpid/,06-23-2022_21:28:03,7826367,Open: Fri. 3-6pm
3735 E Janice Way,Phoenix,AZ,85032,"$435,000",3,2,"1,064",33.623875,-112.001305,House for sale,https://www.zillow.com/homedetails/3735-E-Janice-Way-Phoenix-AZ-85032/8013177_zpid/,06-23-2022_21:28:03,8013177,17 hours ago
8134 W Gibson Ln,Phoenix,AZ,85043,"$465,000",3,2,"1,843",33.427933,-112.23572,House for sale,https://www.zillow.com/homedetails/8134-W-Gibson-Ln-Phoenix-AZ-85043/52423785_zpid/,06-23-2022_21:28:03,52423785,18 hours ago
1720 E Thunderbird Rd UNIT 2075,Phoenix,AZ,85022,"$225,000",1,1,581,33.599773,-112.04391,Condo for sale,https://www.zillow.com/homedetails/1720-E-Thunderbird-Rd-UNIT-2075-Phoenix-AZ-85022/67802076_zpid/,06-23-2022_21:28:03,67802076,18 hours ago
9428 N 9th Ave,Phoenix,AZ,85021,"$200,000",6,3,"1,920",33.572254,-112.085045,New construction,https://www.zillow.com/homedetails/9428-N-9th-Ave-Phoenix-AZ-85021/7782040_zpid/,06-23-2022_21:28:03,7782040,18 hours ago
3233 N 37th St UNIT 8,Phoenix,AZ,85018,"$274,900",2,1,900,33.48757,-112.001114,Multi-family home for sale,https://www.zillow.com/homedetails/3233-N-37th-St-UNIT-8-Phoenix-AZ-85018/82801717_zpid/,06-23-2022_21:28:03,82801717,18 hours ago
21914 N 36th St,Phoenix,AZ,85050,"$765,000",3,2,"2,345",33.685455,-112.00468,House for sale,https://www.zillow.com/homedetails/21914-N-36th-St-Phoenix-AZ-85050/82821566_zpid/,06-23-2022_21:28:03,82821566,18 hours ago
2811 E Constance Way,Phoenix,AZ,85042,"$1,289,000",4,4,"3,407",33.37533,-112.0223,House for sale,https://www.zillow.com/homedetails/2811-E-Constance-Way-Phoenix-AZ-85042/95098995_zpid/,06-23-2022_21:28:03,95098995,18 hours ago
8141 W Encinas Ln,Phoenix,AZ,85043,"$440,000",3,2,"1,830",33.410458,-112.23569,House for sale,https://www.zillow.com/homedetails/8141-W-Encinas-Ln-Phoenix-AZ-85043/95158648_zpid/,06-23-2022_21:28:03,95158648,18 hours ago
4723 W Lydia Ln,Laveen,AZ,85339,"$420,000",3,2,"1,402",33.386852,-112.161575,House for sale,https://www.zillow.com/homedetails/4723-W-Lydia-Ln-Laveen-AZ-85339/95159623_zpid/,06-23-2022_21:28:03,95159623,18 hours ago
10007 N 30th Pl,Phoenix,AZ,85028,"$725,000",4,3,"1,563",33.576694,-112.01529,House for sale,https://www.zillow.com/homedetails/10007-N-30th-Pl-Phoenix-AZ-85028/7813350_zpid/,06-23-2022_21:28:03,7813350,Open: Sat. 10am-2pm
14026 N 30th Ln,Phoenix,AZ,85053,"$250,000",2,1,"1,146",33.613117,-112.12411,House for sale,https://www.zillow.com/homedetails/14026-N-30th-Ln-Phoenix-AZ-85053/7942876_zpid/,06-23-2022_21:28:03,7942876,18 hours ago
1701 E Colter St UNIT 391,Phoenix,AZ,85016,"$370,000",2,2,935,33.511074,-112.044846,Condo for sale,https://www.zillow.com/homedetails/1701-E-Colter-St-UNIT-391-Phoenix-AZ-85016/67804634_zpid/,06-23-2022_21:28:03,67804634,18 hours ago
3187 E Berridge Ln,Phoenix,AZ,85016,"$1,880,000",3,2,"1,849",33.52475,-112.01375,House for sale,https://www.zillow.com/homedetails/3187-E-Berridge-Ln-Phoenix-AZ-85016/7810200_zpid/,06-23-2022_21:28:03,7810200,19 hours ago
Miraval Plan,,,,"$997,990",5,4,"3,487",33.68675,-111.9527,New construction,https://www.zillow.com/community/talinn-at-desert-ridge/2062747011_zpid/,06-23-2022_21:28:03,2062747011,Open: M: 10:00 AM-6:00 ...
29 W Mission Ln,Phoenix,AZ,85021,"$421,000",3,2,"1,248",33.56929,-112.075165,House for sale,https://www.zillow.com/homedetails/29-W-Mission-Ln-Phoenix-AZ-85021/7788754_zpid/,06-23-2022_21:28:03,7788754,1 day on Zillow
3515 W Calle Lejos,Glendale,AZ,85310,"$485,000",3,2,"1,600",33.704872,-112.1358,House for sale,https://www.zillow.com/homedetails/3515-W-Calle-Lejos-Glendale-AZ-85310/7932287_zpid/,06-23-2022_21:28:03,7932287,1 day on Zillow
1001 E Tuckey Ln,Phoenix,AZ,85014,"$1,199,000",4,3,"2,631",33.53349,-112.06041,House for sale,https://www.zillow.com/homedetails/1001-E-Tuckey-Ln-Phoenix-AZ-85014/7796506_zpid/,06-23-2022_21:28:03,7796506,1 day on Zillow
8241 W Trafalgar Ave,Phoenix,AZ,85033,"$330,000",3,2,"1,335",33.490948,-112.23723,House for sale,https://www.zillow.com/homedetails/8241-W-Trafalgar-Ave-Phoenix-AZ-85033/7478816_zpid/,06-23-2022_21:28:03,7478816,1 day on Zillow
5209 E Angela Dr,Scottsdale,AZ,85254,"$1,150,000",4,3,"2,904",33.645275,-111.96821,House for sale,https://www.zillow.com/homedetails/5209-E-Angela-Dr-Scottsdale-AZ-85254/8016857_zpid/,06-23-2022_21:28:03,8016857,1 day on Zillow
1016 E Mountain Sage Dr,Phoenix,AZ,85048,"$867,000",4,3,"2,671",33.31762,-112.06089,House for sale,https://www.zillow.com/homedetails/1016-E-Mountain-Sage-Dr-Phoenix-AZ-85048/8133903_zpid/,06-23-2022_21:28:03,8133903,Open: Thu. 9am-7pm
4114 W Dunlap Ave,Phoenix,AZ,85051,"$350,000",3,2,"1,808",33.567837,-112.14704,House for sale,https://www.zillow.com/homedetails/4114-W-Dunlap-Ave-Phoenix-AZ-85051/7746110_zpid/,06-23-2022_21:28:03,7746110,1 day on Zillow
813 W Rockwood Dr,Phoenix,AZ,85027,"$469,900",4,2,"1,880",33.656,-112.08423,House for sale,https://www.zillow.com/homedetails/813-W-Rockwood-Dr-Phoenix-AZ-85027/7971283_zpid/,06-23-2022_21:28:03,7971283,1 day on Zillow
12402 N 57th Way,Scottsdale,AZ,85254,"$1,175,000",4,3,"2,494",33.599697,-111.95803,House for sale,https://www.zillow.com/homedetails/12402-N-57th-Way-Scottsdale-AZ-85254/7822397_zpid/,06-23-2022_21:28:03,7822397,1 day on Zillow
2906 E Gary Way,Phoenix,AZ,85042,"$1,185,000",4,3,"2,871",33.374058,-112.02016,House for sale,https://www.zillow.com/homedetails/2906-E-Gary-Way-Phoenix-AZ-85042/59262153_zpid/,06-23-2022_21:28:03,59262153,1 day on Zillow
2801 W Lawrence Ln,Phoenix,AZ,85051,"$405,000",3,2,"1,176",33.564087,-112.11962,House for sale,https://www.zillow.com/homedetails/2801-W-Lawrence-Ln-Phoenix-AZ-85051/7750275_zpid/,06-23-2022_21:28:03,7750275,1 day on Zillow
Clayton Model BBK16602A Plan,,,,"$97,600",2,2,920,33.509327,-112.17092,New construction,https://www.zillow.com/community/phoenix-longhaven/2064148432_zpid/,06-23-2022_21:28:03,2064148432,Open: M: 9:00 AM-4:00 P...
1737 E Beverly Rd,Phoenix,AZ,85042,"$450,000",3,2,"1,567",33.37388,-112.044846,House for sale,https://www.zillow.com/homedetails/1737-E-Beverly-Rd-Phoenix-AZ-85042/60985095_zpid/,06-23-2022_21:28:03,60985095,"Price cut: $19,000 (Jun 23)"
5138 E Windsor Ave,Phoenix,AZ,85008,"$425,000",3,2,"1,132",33.478607,-111.969955,Townhouse for sale,https://www.zillow.com/homedetails/5138-E-Windsor-Ave-Phoenix-AZ-85008/7561692_zpid/,06-23-2022_21:28:03,7561692,1 day on Zillow
1829 W Wescott Dr,Phoenix,AZ,85027,"$350,000",3,2,"1,144",33.658127,-112.09857,House for sale,https://www.zillow.com/homedetails/1829-W-Wescott-Dr-Phoenix-AZ-85027/2062666176_zpid/,06-23-2022_21:28:03,2062666176,1 day on Zillow
16646 N 19th St,Phoenix,AZ,85022,"$430,000",3,2,"1,370",33.63844,-112.04236,House for sale,https://www.zillow.com/homedetails/16646-N-19th-St-Phoenix-AZ-85022/54144786_zpid/,06-23-2022_21:28:03,54144786,1 day on Zillow
3150 E Beardsley Rd UNIT 1008,Phoenix,AZ,85050,"$394,000",3,3,"1,322",33.670586,-112.01495,Townhouse for sale,https://www.zillow.com/homedetails/3150-E-Beardsley-Rd-UNIT-1008-Phoenix-AZ-85050/58225376_zpid/,06-23-2022_21:28:03,58225376,1 day on Zillow
9020 W Highland Ave UNIT 128,Phoenix,AZ,85037,"$235,000",2,2,976,33.505634,-112.253716,Townhouse for sale,https://www.zillow.com/homedetails/9020-W-Highland-Ave-UNIT-128-Phoenix-AZ-85037/7480695_zpid/,06-23-2022_21:28:03,7480695,1 day on Zillow
2110 E Behrend Dr,Phoenix,AZ,85024,"$510,000",4,3,"2,071",33.66611,-112.03663,House for sale,https://www.zillow.com/homedetails/2110-E-Behrend-Dr-Phoenix-AZ-85024/7997120_zpid/,06-23-2022_21:28:03,7997120,Open: Sat. 1-3pm
12212 N Paradise Village Pkwy S APT 136,Phoenix,AZ,85032,"$500,000",2,2,"1,256",33.59613,-111.98828,Apartment for sale,https://www.zillow.com/homedetails/12212-N-Paradise-Village-Pkwy-S-APT-136-Phoenix-AZ-85032/7824691_zpid/,06-23-2022_21:28:03,7824691,2 days on Zillow
2506 E Pleasant Ln,Phoenix,AZ,85042,"$985,000",5,4,"3,184",33.391273,-112.02781,House for sale,https://www.zillow.com/homedetails/2506-E-Pleasant-Ln-Phoenix-AZ-85042/284850486_zpid/,06-23-2022_21:28:03,284850486,Open: Sat. 11am-4pm
4309 E Buena Terra Way,Phoenix,AZ,85018,"$2,850,000",3,4,"3,795",33.51747,-111.98783,House for sale,https://www.zillow.com/homedetails/4309-E-Buena-Terra-Way-Phoenix-AZ-85018/7837559_zpid/,06-23-2022_21:28:03,7837559,2 days on Zillow
4033 W Sherman St,Phoenix,AZ,85009,"$290,000",2,1,847,33.44072,-112.14687,House for sale,https://www.zillow.com/homedetails/4033-W-Sherman-St-Phoenix-AZ-85009/7506087_zpid/,06-23-2022_21:28:03,7506087,2 days on Zillow
1813 W Dusty Wren Dr,Phoenix,AZ,85085,"$1,150,000",5,3,"3,420",33.779358,-112.09812,House for sale,https://www.zillow.com/homedetails/1813-W-Dusty-Wren-Dr-Phoenix-AZ-85085/81986255_zpid/,06-23-2022_21:28:03,81986255,2 days on Zillow
4762 E Saint John Rd,Phoenix,AZ,85032,"$576,000",3,2,"1,323",33.64769,-111.97802,House for sale,https://www.zillow.com/homedetails/4762-E-Saint-John-Rd-Phoenix-AZ-85032/8019100_zpid/,06-23-2022_21:28:03,8019100,Open: Thu. 9am-7pm
5438 W Fulton St,Phoenix,AZ,85043,"$370,000",3,3,"1,411",33.41459,-112.176346,House for sale,https://www.zillow.com/homedetails/5438-W-Fulton-St-Phoenix-AZ-85043/95177372_zpid/,06-23-2022_21:28:03,95177372,2 days on Zillow
Plan 1513 Plan,,,,"$399,990",3,2,"1,513",33.393547,-112.11083,New construction,https://www.zillow.com/community/liberty-reserves/2063262484_zpid/,06-23-2022_21:28:03,2063262484,Open: Mon: 2 PM-6 PM Tu...
4322 E Beryl Ln,Phoenix,AZ,85028,"$1,750,000",4,4,"3,779",33.58019,-111.989105,House for sale,https://www.zillow.com/homedetails/4322-E-Beryl-Ln-Phoenix-AZ-85028/7828531_zpid/,06-23-2022_21:28:03,7828531,2 days on Zillow
16410 S 12th St APT 220,Phoenix,AZ,85048,"$440,000",2,2,"1,329",33.29788,-112.05751,Condo for sale,https://www.zillow.com/homedetails/16410-S-12th-St-APT-220-Phoenix-AZ-85048/62733048_zpid/,06-23-2022_21:28:03,62733048,2 days on Zillow
15621 S 37th Way,Phoenix,AZ,85048,"$499,000",3,3,"1,728",33.304024,-112.00205,House for sale,https://www.zillow.com/homedetails/15621-S-37th-Way-Phoenix-AZ-85048/8163212_zpid/,06-23-2022_21:28:03,8163212,Open: Sat. 1:30-3pm
2048 W Bloomfield Rd,Phoenix,AZ,85029,"$389,900",3,2,"1,191",33.598682,-112.103455,House for sale,https://www.zillow.com/homedetails/2048-W-Bloomfield-Rd-Phoenix-AZ-85029/7739148_zpid/,06-23-2022_21:28:03,7739148,2 days on Zillow
10028 N 55th Pl,Paradise Valley,AZ,85253,"$1,850,000",4,4,"4,080",33.57886,-111.96141,House for sale,https://www.zillow.com/homedetails/10028-N-55th-Pl-Paradise-Valley-AZ-85253/7828088_zpid/,06-23-2022_21:28:03,7828088,2 days on Zillow
1820 E Minnezona Ave,Phoenix,AZ,85016,"$650,000",3,2,"1,353",33.502964,-112.04227,House for sale,https://www.zillow.com/homedetails/1820-E-Minnezona-Ave-Phoenix-AZ-85016/7804065_zpid/,06-23-2022_21:28:03,7804065,Open: Sat. 11am-2pm
4302 E Chuckwalla Cyn,Phoenix,AZ,85044,"$525,000",3,2,"1,478",33.3137,-111.99167,House for sale,https://www.zillow.com/homedetails/4302-E-Chuckwalla-Cyn-Phoenix-AZ-85044/8164788_zpid/,06-23-2022_21:28:03,8164788,2 days on Zillow
915 E Ruth Ave,Phoenix,AZ,85020,"$440,000",3,2,"1,290",33.563198,-112.061226,House for sale,https://www.zillow.com/homedetails/915-E-Ruth-Ave-Phoenix-AZ-85020/7789621_zpid/,06-23-2022_21:28:03,7789621,Open: Sat. 9:30-11am
Central Plan,,,,"$859,999",5,4,"2,245",33.530624,-112.04466,New construction,https://www.zillow.com/community/madison-square/2065626978_zpid/,06-23-2022_21:28:03,2065626978,Open: Sat-Sun 10am-6pm;...
8230 W Amelia Ave,Phoenix,AZ,85033,"$265,000",3,1,"1,239",33.4927,-112.23716,House for sale,https://www.zillow.com/homedetails/8230-W-Amelia-Ave-Phoenix-AZ-85033/7478908_zpid/,06-23-2022_21:28:03,7478908,3 days on Zillow
473X W Elliot Rd #2,Laveen,AZ,85339,"$225,000",,,,33.351948,-112.159386,Lot / Land for sale,https://www.zillow.com/homedetails/473X-W-Elliot-Rd-2-Laveen-AZ-85339/2062697398_zpid/,06-23-2022_21:28:03,2062697398,3 days on Zillow
7929 S 24th Way,Phoenix,AZ,85042,"$550,000",3,2,"1,902",33.3744,-112.02958,House for sale,https://www.zillow.com/homedetails/7929-S-24th-Way-Phoenix-AZ-85042/240316842_zpid/,06-23-2022_21:28:03,240316842,3 days on Zillow
555 N 27th Dr,Phoenix,AZ,85009,"$769,900",9,3,"3,710",33.45449,-112.11878,Multi-family home for sale,https://www.zillow.com/homedetails/555-N-27th-Dr-Phoenix-AZ-85009/7514155_zpid/,06-23-2022_21:28:03,7514155,3 days on Zillow
13269 W Buckskin Trl,Peoria,AZ,85383,"$466,794",3,2,"1,562",33.713287,-112.17993,New construction,https://www.zillow.com/homedetails/13269-W-Buckskin-Trl-Peoria-AZ-85383/2062697755_zpid/,06-23-2022_21:28:03,2062697755,3 days on Zillow
4624 N 79th Ave,Phoenix,AZ,85033,"$395,000",4,3,"2,096",33.5047,-112.22895,House for sale,https://www.zillow.com/homedetails/4624-N-79th-Ave-Phoenix-AZ-85033/82776211_zpid/,06-23-2022_21:28:03,82776211,Open: Sat. 11:30am-12:30pm
3721 E Catalina Dr,Phoenix,AZ,85018,"$579,900",2,3,"1,977",33.481968,-112.00149,Townhouse for sale,https://www.zillow.com/homedetails/3721-E-Catalina-Dr-Phoenix-AZ-85018/300108701_zpid/,06-23-2022_21:28:03,300108701,Open: Fri. 1-3pm
10932 W Taft St,Phoenix,AZ,85037,"$420,000",3,2,"1,308",33.50492,-112.29547,House for sale,https://www.zillow.com/homedetails/10932-W-Taft-St-Phoenix-AZ-85037/81994156_zpid/,06-23-2022_21:28:03,81994156,Play video iconVideo Walkthrough
Evolution Plan 5582 Plan,,,,"$841,990",4,3,"3,024",33.7829,-112.1043,New construction,https://www.zillow.com/community/copperleaf-destiny/2064187871_zpid/,06-23-2022_21:28:03,2064187871,Open: Mon-Sun: By Appoi...
6613 W Superior Ave,Phoenix,AZ,85043,"$446,000",3,2,"1,435",33.417103,-112.20243,House for sale,https://www.zillow.com/homedetails/6613-W-Superior-Ave-Phoenix-AZ-85043/55257630_zpid/,06-23-2022_21:28:03,55257630,Open: Thu. 9am-7pm
4750 N Central Ave #S16,Phoenix,AZ,85012,"$170,000",,1,442,33.5073,-112.0746,Apartment for sale,https://www.zillow.com/homedetails/4750-N-Central-Ave-S16-Phoenix-AZ-85012/2062699184_zpid/,06-23-2022_21:28:03,2062699184,3 days on Zillow
55XX E Seven Palms Dr #0,Cave Creek,AZ,85331,"$339,000",,,,33.79198,-111.96085,Lot / Land for sale,https://www.zillow.com/homedetails/55XX-E-Seven-Palms-Dr-0-Cave-Creek-AZ-85331/2062696760_zpid/,06-23-2022_21:28:03,2062696760,3 days on Zillow
914 N 40th Ave,Phoenix,AZ,85009,"$405,000",4,2,"1,674",33.458477,-112.14556,House for sale,https://www.zillow.com/homedetails/914-N-40th-Ave-Phoenix-AZ-85009/88789335_zpid/,06-23-2022_21:28:03,88789335,3 days on Zillow
3146 N 64th Dr,Phoenix,AZ,85033,"$392,000",3,2,"1,225",33.484993,-112.19906,House for sale,https://www.zillow.com/homedetails/3146-N-64th-Dr-Phoenix-AZ-85033/7498614_zpid/,06-23-2022_21:28:03,7498614,3 days on Zillow
1005 E Romley Ave,Phoenix,AZ,85040,"$289,999",2,1,882,33.4016,-112.05872,House for sale,https://www.zillow.com/homedetails/1005-E-Romley-Ave-Phoenix-AZ-85040/7525110_zpid/,06-23-2022_21:28:03,7525110,"Price cut: $9,901 (Jun 22)"
8819 W Mariposa St,Phoenix,AZ,85037,"$385,000",3,2,"1,343",33.507378,-112.249825,House for sale,https://www.zillow.com/homedetails/8819-W-Mariposa-St-Phoenix-AZ-85037/7483283_zpid/,06-23-2022_21:28:03,7483283,3 days on Zillow
2150 W Alameda Rd UNIT 1268,Phoenix,AZ,85085,"$520,000",4,4,"1,861",33.70576,-112.106514,Condo for sale,https://www.zillow.com/homedetails/2150-W-Alameda-Rd-UNIT-1268-Phoenix-AZ-85085/95085570_zpid/,06-23-2022_21:28:03,95085570,3 days on Zillow
9565 W Monte Vista Rd,Phoenix,AZ,85037,"$458,900",4,3,"2,461",33.469627,-112.26716,House for sale,https://www.zillow.com/homedetails/9565-W-Monte-Vista-Rd-Phoenix-AZ-85037/60975000_zpid/,06-23-2022_21:28:03,60975000,Price cut: $100 (Jun 23)
Cottonwood Plan 3524 Plan,,,,"$502,990",4,3,"2,546",33.3932,-112.1123,New construction,https://www.zillow.com/community/liberty-arbors/2064187868_zpid/,06-23-2022_21:28:03,2064187868,Open: Mon-Sun: By Appoi...
2210 E Flandreau Rd,Phoenix,AZ,85024,"$775,000",4,4,"3,035",33.672924,-112.03489,House for sale,https://www.zillow.com/homedetails/2210-E-Flandreau-Rd-Phoenix-AZ-85024/157727158_zpid/,06-23-2022_21:28:03,157727158,Open: Sat. 10am-12pm
Moonstone Plan,,,,"$485,990",4,3,"2,630",33.38182,-112.05372,New construction,https://www.zillow.com/community/seasons-at-meridian-hills/2066843434_zpid/,06-23-2022_21:28:03,2066843434,Open: M: 9:00 AM-5:00 P...
2322 N 12th St,Phoenix,AZ,85006,"$930,000",3,2,"2,100",33.47382,-112.05668,New construction,https://www.zillow.com/homedetails/2322-N-12th-St-Phoenix-AZ-85006/7533645_zpid/,06-23-2022_21:28:03,7533645,4 days on Zillow
5537 W Coles Rd,Laveen,AZ,85339,"$675,000",5,4,"4,070",33.369392,-112.17933,House for sale,https://www.zillow.com/homedetails/5537-W-Coles-Rd-Laveen-AZ-85339/81956433_zpid/,06-23-2022_21:28:03,81956433,Open: Thu. 9am-7pm
Available Soon Plan,,,,$0,-,-,--,33.45567,-112.20636,New construction,https://www.zillow.com/community/san-estrella/2066864648_zpid/,06-23-2022_21:28:03,2066864648,Open: M: 9:00 AM-5:00 P...
4833 E Voltaire Ave,Scottsdale,AZ,85254,"$849,500",4,3,"2,455",33.609474,-111.97659,House for sale,https://www.zillow.com/homedetails/4833-E-Voltaire-Ave-Scottsdale-AZ-85254/7821959_zpid/,06-23-2022_21:28:03,7821959,4 days on Zillow
9005 W Avalon Dr,Phoenix,AZ,85037,"$435,000",5,2,"1,514",33.482742,-112.25286,House for sale,https://www.zillow.com/homedetails/9005-W-Avalon-Dr-Phoenix-AZ-85037/55257113_zpid/,06-23-2022_21:28:03,55257113,4 days on Zillow
1606 W Taylor St,Phoenix,AZ,85007,"$880,000",6,2,"2,500",33.454327,-112.09382,Multi-family home for sale,https://www.zillow.com/homedetails/1606-W-Taylor-St-Phoenix-AZ-85007/7521615_zpid/,06-23-2022_21:28:03,7521615,4 days on Zillow
Barbaro Plan 3570 Plan,,,,"$435,990",4,2,"1,797",33.3931,-112.112,New construction,https://www.zillow.com/community/liberty-discovery/2066446065_zpid/,06-23-2022_21:28:03,2066446065,Open: Mon-Sun: By Appoi...
7502 - The Plus Plan,,,,"$945,900",4,4,"3,424",33.616768,-112.04438,New construction,https://www.zillow.com/community/paradigm/2067879241_zpid/,06-23-2022_21:28:03,2067879241,Open: Please call or em...
Doubletree Plan,,,,"$716,990",3,3,"1,832",33.64302,-111.9744,New construction,https://www.zillow.com/community/arabella/2066815032_zpid/,06-23-2022_21:28:03,2066815032,Open: M: 10:00 AM-6:00 ...
Phoenician Plan,,,,"$966,990",4,4,"3,221",33.68675,-111.9527,New construction,https://www.zillow.com/community/talinn-at-desert-ridge/2062747022_zpid/,06-23-2022_21:28:03,2062747022,Open: M: 10:00 AM-6:00 ...
Prato Plan,,,,"$937,990",4,3,"2,821",33.68401,-111.951775,New construction,https://www.zillow.com/community/talinn-at-desert-ridge/2066474529_zpid/,06-23-2022_21:28:03,2066474529,Open: Open 10 AM-6 PMEx...
Freedom Plan 3561 Plan,,,,"$512,990",4,4,"2,396",33.4946,-112.2605,New construction,https://www.zillow.com/community/western-enclave-arbor/2068009895_zpid/,06-23-2022_21:28:03,2068009895,Open: Mon-Sun: By Appoi...
1629 N 38th Ave,Phoenix,AZ,85009,"$335,000",4,2,"1,224",33.467186,-112.14021,House for sale,https://www.zillow.com/homedetails/1629-N-38th-Ave-Phoenix-AZ-85009/81984620_zpid/,06-23-2022_21:28:03,81984620,4 days on Zillow
6525 W El Cortez Pl,Phoenix,AZ,85083,"$580,000",3,2,"1,720",33.717857,-112.20084,House for sale,https://www.zillow.com/homedetails/6525-W-El-Cortez-Pl-Phoenix-AZ-85083/7925824_zpid/,06-23-2022_21:28:03,7925824,4 days on Zillow
4252 N 111th Ln,Phoenix,AZ,85037,"$375,000",2,2,931,33.4969,-112.29936,House for sale,https://www.zillow.com/homedetails/4252-N-111th-Ln-Phoenix-AZ-85037/7488833_zpid/,06-23-2022_21:28:03,7488833,4 days on Zillow
2237 E Soft Wind Dr,Phoenix,AZ,85024,"$610,000",4,2,"1,626",33.704155,-112.03503,House for sale,https://www.zillow.com/homedetails/2237-E-Soft-Wind-Dr-Phoenix-AZ-85024/7985772_zpid/,06-23-2022_21:28:03,7985772,Open: Sun. 11am-2pm
2850 N 73rd Dr,Phoenix,AZ,85035,"$410,000",3,3,"1,783",33.479893,-112.21675,House for sale,https://www.zillow.com/homedetails/2850-N-73rd-Dr-Phoenix-AZ-85035/95165105_zpid/,06-23-2022_21:28:03,95165105,5 days on Zillow
Onyx Plan,,,,"$496,990",4,2,"2,139",33.36478,-112.20553,New construction,https://www.zillow.com/community/mcclellan-ranch-reserve-series/2068424689_zpid/,06-23-2022_21:28:03,2068424689,Open: M: 10:00 AM-6:00 ...
1944 W Union Park Dr,Phoenix,AZ,85085,"$1,020,000",4,4,"3,128",33.7181,-112.10257,House for sale,https://www.zillow.com/homedetails/1944-W-Union-Park-Dr-Phoenix-AZ-85085/284862310_zpid/,06-23-2022_21:28:03,284862310,5 days on Zillow
14002 N 49th Ave UNIT 1004,Glendale,AZ,85306,"$319,900",3,2,"1,160",33.612907,-112.16474,Townhouse for sale,https://www.zillow.com/homedetails/14002-N-49th-Ave-UNIT-1004-Glendale-AZ-85306/7952557_zpid/,06-23-2022_21:28:03,7952557,5 days on Zillow
3402 N 32nd St UNIT 137,Phoenix,AZ,85018,"$295,000",2,2,792,33.488007,-112.01497,Condo for sale,https://www.zillow.com/homedetails/3402-N-32nd-St-UNIT-137-Phoenix-AZ-85018/68957347_zpid/,06-23-2022_21:28:03,68957347,5 days on Zillow
3443 E Campbell Ave,Phoenix,AZ,85018,"$1,795,000",4,4,"2,823",33.50231,-112.007126,House for sale,https://www.zillow.com/homedetails/3443-E-Campbell-Ave-Phoenix-AZ-85018/7834134_zpid/,06-23-2022_21:28:03,7834134,Open: Sat. 10am-2pm
Durango Plan,,,,"$898,990",3,3,"2,911",33.73569,-112.13911,New construction,https://www.zillow.com/community/deem-hills-peaks-collection/2067509311_zpid/,06-23-2022_21:28:03,2067509311,Open: Mon:10AM-6PM;Tue:...
4353 E Mountain Vista Dr,Phoenix,AZ,85048,"$574,900",3,3,"1,877",33.30099,-111.989204,House for sale,https://www.zillow.com/homedetails/4353-E-Mountain-Vista-Dr-Phoenix-AZ-85048/8259380_zpid/,06-23-2022_21:28:03,8259380,5 days on Zillow
Teagan Plan,,,,"$480,990",5,3,"2,311",33.368122,-112.15263,New construction,https://www.zillow.com/community/element-on-euclid/2068569499_zpid/,06-23-2022_21:28:03,2068569499,Open: M: 10:00 AM-6:00 ...
720 E Alice Ave UNIT 204,Phoenix,AZ,85020,"$235,000",2,2,850,33.56498,-112.06416,Multi-family home for sale,https://www.zillow.com/homedetails/720-E-Alice-Ave-UNIT-204-Phoenix-AZ-85020/7789500_zpid/,06-23-2022_21:28:03,7789500,5 days on Zillow
10709 W Montecito Ave,Phoenix,AZ,85037,"$399,900",3,2,"1,320",33.497654,-112.2906,House for sale,https://www.zillow.com/homedetails/10709-W-Montecito-Ave-Phoenix-AZ-85037/7477842_zpid/,06-23-2022_21:28:03,7477842,5 days on Zillow
1631 E Michelle Dr,Phoenix,AZ,85022,"$120,000",2,2,"1,152",33.65021,-112.04741,Home for sale,https://www.zillow.com/homedetails/1631-E-Michelle-Dr-Phoenix-AZ-85022/2063187047_zpid/,06-23-2022_21:28:03,2063187047,"Price cut: $10,000 (Jun 22)"
Little Rock Plan,,,,"$649,990",3,3,"1,958",33.64302,-111.9744,New construction,https://www.zillow.com/community/arabella/2066815026_zpid/,06-23-2022_21:28:03,2066815026,Open: M: 10:00 AM-6:00 ...
750 E Northern Ave UNIT 1158,Phoenix,AZ,85020,"$349,000",2,2,"1,022",33.55384,-112.06226,Condo for sale,https://www.zillow.com/homedetails/750-E-Northern-Ave-UNIT-1158-Phoenix-AZ-85020/65438359_zpid/,06-23-2022_21:28:03,65438359,5 days on Zillow
1016 N 26th St,Phoenix,AZ,85008,"$335,000",3,2,"1,250",33.45917,-112.026215,House for sale,https://www.zillow.com/homedetails/1016-N-26th-St-Phoenix-AZ-85008/7545721_zpid/,06-23-2022_21:28:03,7545721,5 days on Zillow
Plan 5016 Plan,,,,"$1,026,990",4,5,"3,505",33.685383,-111.9497,New construction,https://www.zillow.com/community/emblem-at-talinn/2068731589_zpid/,06-23-2022_21:28:03,2068731589,5 days on Zillow
Supernova Plan,,,,"$523,990",5,3,"2,688",33.372215,-112.19538,New construction,https://www.zillow.com/community/estrella-vista/2062782533_zpid/,06-23-2022_21:28:03,2062782533,Open: Monday-Saturday: ...
5450 E Deer Valley Dr UNIT 3014,Phoenix,AZ,85054,"$495,000",2,2,"1,246",33.678272,-111.96371,Apartment for sale,https://www.zillow.com/homedetails/5450-E-Deer-Valley-Dr-UNIT-3014-Phoenix-AZ-85054/92345252_zpid/,06-23-2022_21:28:03,92345252,6 days on Zillow
31021 N Rancho Tierra Dr,Cave Creek,AZ,85331,"$1,200,000",3,5,"2,172",33.767235,-111.97564,House for sale,https://www.zillow.com/homedetails/31021-N-Rancho-Tierra-Dr-Cave-Creek-AZ-85331/7979460_zpid/,06-23-2022_21:28:03,7979460,6 days on Zillow
7809 S 15th Ave,Phoenix,AZ,85041,"$395,000",,,,33.37549,-112.09122,Lot / Land for sale,https://www.zillow.com/homedetails/7809-S-15th-Ave-Phoenix-AZ-85041/72122973_zpid/,06-23-2022_21:28:03,72122973,6 days on Zillow
1651 W Windsong Dr,Phoenix,AZ,85045,"$625,000",4,3,"2,438",33.295177,-112.096375,House for sale,https://www.zillow.com/homedetails/1651-W-Windsong-Dr-Phoenix-AZ-85045/8285055_zpid/,06-23-2022_21:28:03,8285055,6 days on Zillow
513 E Morrow Dr,Phoenix,AZ,85024,"$500,000",3,2,"1,804",33.657166,-112.067474,House for sale,https://www.zillow.com/homedetails/513-E-Morrow-Dr-Phoenix-AZ-85024/7968348_zpid/,06-23-2022_21:28:03,7968348,Open: Sat. 10am-2pm
3755 E Karen Dr,Phoenix,AZ,85032,"$484,900",3,2,"1,568",33.62531,-112.00055,House for sale,https://www.zillow.com/homedetails/3755-E-Karen-Dr-Phoenix-AZ-85032/8013160_zpid/,06-23-2022_21:28:03,8013160,3D Homes Icon3D Tour
4522 E Calle Del Medio,Phoenix,AZ,85018,"$2,475,000",4,3,"3,155",33.506115,-111.9824,House for sale,https://www.zillow.com/homedetails/4522-E-Calle-Del-Medio-Phoenix-AZ-85018/7836552_zpid/,06-23-2022_21:28:03,7836552,Open: Sat. 11am-1pm
5112 E Woodridge Dr,Scottsdale,AZ,85254,"$760,465",3,3,"1,832",33.6413,-111.96483,New construction,https://www.zillow.com/homedetails/5112-E-Woodridge-Dr-Scottsdale-AZ-85254/2062713923_zpid/,06-23-2022_21:28:03,2062713923,6 days on Zillow
Jubilee Plan,,,,"$490,990",4,3,"2,027",33.34778,-112.18053,New construction,https://www.zillow.com/community/ellison-trails/2069777568_zpid/,06-23-2022_21:28:03,2069777568,Open: M: 10:00 AM-6:00 ...
423 E El Camino Dr,Phoenix,AZ,85020,"$539,500",3,2,"1,490",33.557133,-112.06776,House for sale,https://www.zillow.com/homedetails/423-E-El-Camino-Dr-Phoenix-AZ-85020/7793739_zpid/,06-23-2022_21:28:03,7793739,Open: Fri. 9am-4pm
3011 N 47th Ave,Phoenix,AZ,85031,"$424,900",4,2,"1,352",33.483063,-112.15915,House for sale,https://www.zillow.com/homedetails/3011-N-47th-Ave-Phoenix-AZ-85031/7509471_zpid/,06-23-2022_21:28:03,7509471,"Price cut: $9,100 (Jun 22)"
4401 W Oraibi Dr,Glendale,AZ,85308,"$510,000",3,3,"1,504",33.66304,-112.15362,House for sale,https://www.zillow.com/homedetails/4401-W-Oraibi-Dr-Glendale-AZ-85308/7938353_zpid/,06-23-2022_21:28:03,7938353,Open: Thu. 9am-7pm
2020 W Georgia Ave,Phoenix,AZ,85015,"$265,000",2,1,"1,394",33.514874,-112.10274,House for sale,https://www.zillow.com/homedetails/2020-W-Georgia-Ave-Phoenix-AZ-85015/7765154_zpid/,06-23-2022_21:28:03,7765154,6 days on Zillow
3006 E Dry Creek Rd,Phoenix,AZ,85048,"$859,900",4,3,"3,067",33.314964,-112.02855,House for sale,https://www.zillow.com/homedetails/3006-E-Dry-Creek-Rd-Phoenix-AZ-85048/8161158_zpid/,06-23-2022_21:28:03,8161158,Open: Sat. 10am-1pm
4305 E Mountain Vista Dr,Phoenix,AZ,85048,"$515,000",3,2,"1,549",33.30085,-111.99118,House for sale,https://www.zillow.com/homedetails/4305-E-Mountain-Vista-Dr-Phoenix-AZ-85048/8259391_zpid/,06-23-2022_21:28:03,8259391,6 days on Zillow
4003 W Aster Dr,Phoenix,AZ,85029,"$400,000",3,2,"1,468",33.601467,-112.14533,House for sale,https://www.zillow.com/homedetails/4003-W-Aster-Dr-Phoenix-AZ-85029/7742417_zpid/,06-23-2022_21:28:03,7742417,6 days on Zillow
1757 E Grenadine Rd,Phoenix,AZ,85040,"$500,000",4,2,"1,822",33.398754,-112.043304,House for sale,https://www.zillow.com/homedetails/1757-E-Grenadine-Rd-Phoenix-AZ-85040/240310619_zpid/,06-23-2022_21:28:03,240310619,6 days on Zillow
6107 N 12th Pl,Phoenix,AZ,85014,"$959,000",5,2,"2,436",33.525974,-112.054726,Multi-family home for sale,https://www.zillow.com/homedetails/6107-N-12th-Pl-Phoenix-AZ-85014/7797189_zpid/,06-23-2022_21:28:03,7797189,6 days on Zillow
744 E Myrtle Ave,Phoenix,AZ,85020,"$1,499,900",4,3,"2,435",33.54168,-112.06329,House for sale,https://www.zillow.com/homedetails/744-E-Myrtle-Ave-Phoenix-AZ-85020/7792126_zpid/,06-23-2022_21:28:03,7792126,6 days on Zillow
4959 E Roy Rogers Rd,Cave Creek,AZ,85331,"$850,000",3,2,"2,539",33.74644,-111.97499,House for sale,https://www.zillow.com/homedetails/4959-E-Roy-Rogers-Rd-Cave-Creek-AZ-85331/7976163_zpid/,06-23-2022_21:28:03,7976163,6 days on Zillow
18244 N 37th Ave,Glendale,AZ,85308,"$375,000",3,2,"1,355",33.652527,-112.139565,House for sale,https://www.zillow.com/homedetails/18244-N-37th-Ave-Glendale-AZ-85308/7948325_zpid/,06-23-2022_21:28:03,7948325,Open: Sat. 10am-1pm
2506 W Caribbean Ln UNIT 2,Phoenix,AZ,85023,"$338,000",3,3,"1,574",33.623737,-112.11205,Townhouse for sale,https://www.zillow.com/homedetails/2506-W-Caribbean-Ln-UNIT-2-Phoenix-AZ-85023/7961627_zpid/,06-23-2022_21:28:03,7961627,6 days on Zillow
3417 E Claire Dr,Phoenix,AZ,85032,"$399,000",3,2,"1,591",33.620296,-112.00756,House for sale,https://www.zillow.com/homedetails/3417-E-Claire-Dr-Phoenix-AZ-85032/8012062_zpid/,06-23-2022_21:28:03,8012062,"Price cut: $16,000 (Jun 23)"
8109 N 28th Ave,Phoenix,AZ,85051,"$349,900",3,2,"1,410",33.55526,-112.11928,House for sale,https://www.zillow.com/homedetails/8109-N-28th-Ave-Phoenix-AZ-85051/7751110_zpid/,06-23-2022_21:28:03,7751110,6 days on Zillow
4124 N 64th St,Scottsdale,AZ,85251,"$1,795,000",3,2,"2,325",33.495728,-111.94366,House for sale,https://www.zillow.com/homedetails/4124-N-64th-St-Scottsdale-AZ-85251/72105180_zpid/,06-23-2022_21:28:03,72105180,6 days on Zillow
Yorktown Plan,,,,"$554,990",4,3,"2,910",33.409325,-112.23232,New construction,https://www.zillow.com/community/preserve-at-tuscano/2070506823_zpid/,06-23-2022_21:28:03,2070506823,3D Homes Icon3D Tour
4525 N 22nd St UNIT 402,Phoenix,AZ,85016,"$550,000",3,3,"1,596",33.503082,-112.0341,Apartment for sale,https://www.zillow.com/homedetails/4525-N-22nd-St-UNIT-402-Phoenix-AZ-85016/59267949_zpid/,06-23-2022_21:28:03,59267949,6 days on Zillow
4202 N 33rd St,Phoenix,AZ,85018,"$1,995,000",4,4,"3,748",33.49735,-112.0114,House for sale,https://www.zillow.com/homedetails/4202-N-33rd-St-Phoenix-AZ-85018/68958431_zpid/,06-23-2022_21:28:03,68958431,6 days on Zillow
1118 N 12th St,Phoenix,AZ,85006,"$600,000",3,2,"1,430",33.46065,-112.05675,House for sale,https://www.zillow.com/homedetails/1118-N-12th-St-Phoenix-AZ-85006/7529939_zpid/,06-23-2022_21:28:03,7529939,6 days on Zillow
4545 N 67th Ave UNIT 1145,Phoenix,AZ,85033,"$468,500",4,3,"1,888",33.50341,-112.197876,House for sale,https://www.zillow.com/homedetails/4545-N-67th-Ave-UNIT-1145-Phoenix-AZ-85033/7712634_zpid/,06-23-2022_21:28:03,7712634,6 days on Zillow
801 E Butler Dr,Phoenix,AZ,85020,"$435,000",2,2,"1,813",33.56018,-112.0638,House for sale,https://www.zillow.com/homedetails/801-E-Butler-Dr-Phoenix-AZ-85020/7790082_zpid/,06-23-2022_21:28:03,7790082,6 days on Zillow
33 W Northview Ave,Phoenix,AZ,85021,"$1,995,000",4,4,"5,072",33.542206,-112.07472,House for sale,https://www.zillow.com/homedetails/33-W-Northview-Ave-Phoenix-AZ-85021/7792548_zpid/,06-23-2022_21:28:03,7792548,6 days on Zillow
17224 N 46th Pl,Phoenix,AZ,85032,"$495,000",3,2,"1,300",33.643154,-111.98109,House for sale,https://www.zillow.com/homedetails/17224-N-46th-Pl-Phoenix-AZ-85032/8019415_zpid/,06-23-2022_21:28:03,8019415,6 days on Zillow
7501 - The Shift Plan,,,,"$799,900",2,3,"2,355",33.616768,-112.04438,New construction,https://www.zillow.com/community/paradigm/2067879246_zpid/,06-23-2022_21:28:03,2067879246,Open: Please call or em...
5330 E Palomino Rd #60,Phoenix,AZ,85018,"$2,500,000",,,,33.506588,-111.96685,Lot / Land for sale,https://www.zillow.com/homedetails/5330-E-Palomino-Rd-60-Phoenix-AZ-85018/2062733968_zpid/,06-23-2022_21:28:03,2062733968,6 days on Zillow
902 E Gwen St,Phoenix,AZ,85042,"$485,000",3,2,"1,465",33.36588,-112.06196,House for sale,https://www.zillow.com/homedetails/902-E-Gwen-St-Phoenix-AZ-85042/55273084_zpid/,06-23-2022_21:28:03,55273084,6 days on Zillow
4737 W Wescott Dr,Glendale,AZ,85308,"$360,000",2,1,"1,117",33.656998,-112.1631,House for sale,https://www.zillow.com/homedetails/4737-W-Wescott-Dr-Glendale-AZ-85308/7939518_zpid/,06-23-2022_21:28:03,7939518,7 days on Zillow
3050 N Valencia Ln,Phoenix,AZ,85018,"$1,560,000",3,3,"3,026",33.483624,-111.96054,House for sale,https://www.zillow.com/homedetails/3050-N-Valencia-Ln-Phoenix-AZ-85018/7567211_zpid/,06-23-2022_21:28:03,7567211,Play video iconVideo Walkthrough
4644 22nd St UNIT 2081,Phoenix,AZ,85016,"$389,000",2,3,"1,274",33.503494,-112.0348,Townhouse for sale,https://www.zillow.com/homedetails/4644-22nd-St-UNIT-2081-Phoenix-AZ-85016/68535756_zpid/,06-23-2022_21:28:03,68535756,7 days on Zillow
8617 W Pinchot Ave,Phoenix,AZ,85037,"$339,000",3,3,"1,796",33.482018,-112.24424,House for sale,https://www.zillow.com/homedetails/8617-W-Pinchot-Ave-Phoenix-AZ-85037/7480270_zpid/,06-23-2022_21:28:03,7480270,"Price cut: $30,000 (Jun 24)"
Ironwood Plan 3518 Plan,,,,"$472,990",4,3,"1,943",33.4946,-112.2605,New construction,https://www.zillow.com/community/western-enclave-arbor/2068018454_zpid/,06-23-2022_21:28:03,2068018454,Open: Mon-Sun: By Appoi...
22829 N 39th Run,Phoenix,AZ,85050,"$1,265,000",5,4,"4,017",33.69409,-111.984,House for sale,https://www.zillow.com/homedetails/22829-N-39th-Run-Phoenix-AZ-85050/67776063_zpid/,06-23-2022_21:28:03,67776063,Open: Sat. 10am-1pm
14213 S 32nd Pl,Phoenix,AZ,85044,"$1,275,000",5,4,"3,887",33.31728,-112.014435,House for sale,https://www.zillow.com/homedetails/14213-S-32nd-Pl-Phoenix-AZ-85044/8150233_zpid/,06-23-2022_21:28:03,8150233,Open: Sat. 12-3pm
1222 E Eva St,Phoenix,AZ,85020,"$383,500",3,1,"1,256",33.568874,-112.0557,House for sale,https://www.zillow.com/homedetails/1222-E-Eva-St-Phoenix-AZ-85020/7787112_zpid/,06-23-2022_21:28:03,7787112,7 days on Zillow
4518 E Palo Brea Ln,Cave Creek,AZ,85331,"$989,000",4,3,"3,123",33.76263,-111.98381,House for sale,https://www.zillow.com/homedetails/4518-E-Palo-Brea-Ln-Cave-Creek-AZ-85331/7978603_zpid/,06-23-2022_21:28:03,7978603,Open: Sat. 10am-2pm
