address_street,city,state,zip_code,price,beds,baths,area_sq_ft,latitude,longitude,status_text,listing_id,list_url,date_scraped
4831 Western Ave NW,Washington,DC,20016,"$1,050,000",3,2,"1,413",38.952747,-77.09539,House for sale,437822,https://www.zillow.com/homedetails/4831-Western-Ave-NW-Washington-DC-20016/437822_zpid/,06-10-2022_19:45:18
4201 Cathedral Ave NW APT 1205W,Washington,DC,20016,"$749,999",3,2,"1,801",38.93625,-77.08623,Condo for sale,440988,https://www.zillow.com/homedetails/4201-Cathedral-Ave-NW-APT-1205W-Washington-DC-20016/440988_zpid/,06-10-2022_19:45:18
4230 Brandywine St NW,Washington,DC,20016,"$1,690,000",3,4,"2,680",38.949547,-77.08351,House for sale,443095,https://www.zillow.com/homedetails/4230-Brandywine-St-NW-Washington-DC-20016/443095_zpid/,06-10-2022_19:45:18
4600 Connecticut Ave NW APT 621,Washington,DC,20008,"$250,000",1,1,550,38.95019,-77.06755,Condo for sale,451382,https://www.zillow.com/homedetails/4600-Connecticut-Ave-NW-APT-621-Washington-DC-20008/451382_zpid/,06-10-2022_19:45:18
2829 29th Pl NW,Washington,DC,20008,"$1,695,000",4,4,"3,000",38.925095,-77.058014,House for sale,456177,https://www.zillow.com/homedetails/2829-29th-Pl-NW-Washington-DC-20008/456177_zpid/,06-10-2022_19:45:18
3701 Connecticut Ave NW APT 805,Washington,DC,20008,"$249,900",,1,574,38.93836,-77.059326,Condo for sale,457778,https://www.zillow.com/homedetails/3701-Connecticut-Ave-NW-APT-805-Washington-DC-20008/457778_zpid/,06-10-2022_19:45:18
2123 California St NW APT C6,Washington,DC,20008,"$685,000",3,2,"1,173",38.91674,-77.04782,Condo for sale,460838,https://www.zillow.com/homedetails/2123-California-St-NW-APT-C6-Washington-DC-20008/460838_zpid/,06-10-2022_19:45:18
1803 Phelps Pl NW,Washington,DC,20008,"$2,550,000",5,5,"3,226",38.914345,-77.047874,Townhouse for sale,461278,https://www.zillow.com/homedetails/1803-Phelps-Pl-NW-Washington-DC-20008/461278_zpid/,06-10-2022_19:45:18
2627 Adams Mill Rd NW APT 109,Washington,DC,20009,"$549,000",2,1,814,38.92396,-77.04408,Condo for sale,464605,https://www.zillow.com/homedetails/2627-Adams-Mill-Rd-NW-APT-109-Washington-DC-20009/464605_zpid/,06-10-2022_19:45:18
1133 6th St NW APT 4,Washington,DC,20001,"$874,900",2,3,982,38.905254,-77.019585,Condo for sale,99401628,https://www.zillow.com/homedetails/1133-6th-St-NW-APT-4-Washington-DC-20001/99401628_zpid/,06-10-2022_19:45:18
Edgewood Plan,,,,"$959,900",3,2,"2,149",38.928482,-77.00049,New construction,2063164854,https://www.zillow.com/community/brookland-grove/2063164854_zpid/,06-10-2022_19:45:18
1343 Clifton St NW APT 301,Washington,DC,20009,"$510,000",2,2,789,38.9228,-77.03128,Condo for sale,114414355,https://www.zillow.com/homedetails/1343-Clifton-St-NW-APT-301-Washington-DC-20009/114414355_zpid/,06-10-2022_19:45:18
1804 Independence Ave SE #1,Washington,DC,20003,"$999,000",3,4,"2,230",38.88783,-76.978546,Condo for sale,121038106,https://www.zillow.com/homedetails/1804-Independence-Ave-SE-1-Washington-DC-20003/121038106_zpid/,06-10-2022_19:45:18
925 H St NW APT 510,Washington,DC,20001,"$1,499,000",2,2,"1,452",38.89995,-77.02445,Condo for sale,121340499,https://www.zillow.com/homedetails/925-H-St-NW-APT-510-Washington-DC-20001/121340499_zpid/,06-10-2022_19:45:18
1367 Florida Ave NE #102,Washington,DC,20002,"$399,000",2,2,821,38.900887,-76.98651,Condo for sale,121343681,https://www.zillow.com/homedetails/1367-Florida-Ave-NE-102-Washington-DC-20002/121343681_zpid/,06-10-2022_19:45:18
1839 6th St NW APT 2,Washington,DC,20001,"$624,900",2,3,"1,100",38.915024,-77.01964,Condo for sale,123823559,https://www.zillow.com/homedetails/1839-6th-St-NW-APT-2-Washington-DC-20001/123823559_zpid/,06-10-2022_19:45:18
16 17th St NE APT 331,Washington,DC,20002,"$689,000",2,2,"1,073",38.89042,-76.98109,Condo for sale,124230775,https://www.zillow.com/homedetails/16-17th-St-NE-APT-331-Washington-DC-20002/124230775_zpid/,06-10-2022_19:45:18
Anacostia Rd SE,Washington,DC,20019,"$250,000",,,"2,463",38.889236,-76.96168,Lot / Land for sale,183112506,https://www.zillow.com/homedetails/Anacostia-Rd-SE-Washington-DC-20019/183112506_zpid/,06-10-2022_19:45:18
1916 17th St NW APT 3,Washington,DC,20009,"$449,000",1,1,575,38.916107,-77.03898,Condo for sale,400053,https://www.zillow.com/homedetails/1916-17th-St-NW-APT-3-Washington-DC-20009/400053_zpid/,06-10-2022_19:45:18
1816 New Hampshire Ave NW APT 203,Washington,DC,20009,"$249,900",,1,344,38.91497,-77.03903,Condo for sale,400493,https://www.zillow.com/homedetails/1816-New-Hampshire-Ave-NW-APT-203-Washington-DC-20009/400493_zpid/,06-10-2022_19:45:18
1711 Massachusetts Ave NW #315,Washington,DC,20036,"$249,000",1,1,490,38.90874,-77.039024,Condo for sale,402212,https://www.zillow.com/homedetails/1711-Massachusetts-Ave-NW-315-Washington-DC-20036/402212_zpid/,06-10-2022_19:45:18
1822 15th St NW APT 307,Washington,DC,20009,"$349,000",1,1,397,38.914955,-77.03492,Condo for sale,404141,https://www.zillow.com/homedetails/1822-15th-St-NW-APT-307-Washington-DC-20009/404141_zpid/,06-10-2022_19:45:18
2221 13th St NW,Washington,DC,20009,"$1,500,000",3,3,"2,412",38.91985,-77.029305,Townhouse for sale,406378,https://www.zillow.com/homedetails/2221-13th-St-NW-Washington-DC-20009/406378_zpid/,06-10-2022_19:45:18
1925 13th St NW #A,Washington,DC,20009,"$999,999",2,3,"1,582",38.91645,-77.02927,Townhouse for sale,406513,https://www.zillow.com/homedetails/1925-13th-St-NW-A-Washington-DC-20009/406513_zpid/,06-10-2022_19:45:18
1245 13th St NW APT 915,Washington,DC,20005,"$398,000",1,1,632,38.90712,-77.02944,Condo for sale,407054,https://www.zillow.com/homedetails/1245-13th-St-NW-APT-915-Washington-DC-20005/407054_zpid/,06-10-2022_19:45:18
1250 4th St SW #W812,Washington,DC,20024,"$272,000",,1,463,38.875458,-77.01737,Condo for sale,411646,https://www.zillow.com/homedetails/1250-4th-St-SW-W812-Washington-DC-20024/411646_zpid/,06-10-2022_19:45:18
300 M St SW #N606,Washington,DC,20024,"$340,000",1,1,745,38.876133,-77.01649,Condo for sale,411885,https://www.zillow.com/homedetails/300-M-St-SW-N606-Washington-DC-20024/411885_zpid/,06-10-2022_19:45:18
1309 Quincy St NW,Washington,DC,20011,"$879,900",4,2,"2,371",38.93786,-77.03023,Townhouse for sale,472156,https://www.zillow.com/homedetails/1309-Quincy-St-NW-Washington-DC-20011/472156_zpid/,06-10-2022_19:45:18
3603 11th St NW,Washington,DC,20010,"$1,039,000",4,4,"2,081",38.934723,-77.02828,Townhouse for sale,472491,https://www.zillow.com/homedetails/3603-11th-St-NW-Washington-DC-20010/472491_zpid/,06-10-2022_19:45:18
780 Lamont St NW,Washington,DC,20010,"$635,000",2,1,844,38.93065,-77.02577,Townhouse for sale,474639,https://www.zillow.com/homedetails/780-Lamont-St-NW-Washington-DC-20010/474639_zpid/,06-10-2022_19:45:18
802 Quintana Pl NW,Washington,DC,20011,"$849,900",4,4,"1,768",38.964214,-77.02458,House for sale,476804,https://www.zillow.com/homedetails/802-Quintana-Pl-NW-Washington-DC-20011/476804_zpid/,06-10-2022_19:45:18
815 Longfellow St NW,Washington,DC,20011,"$919,900",4,4,"2,200",38.957645,-77.02473,Townhouse for sale,476979,https://www.zillow.com/homedetails/815-Longfellow-St-NW-Washington-DC-20011/476979_zpid/,06-10-2022_19:45:18
808 Delafield Pl NW,Washington,DC,20011,"$725,000",2,3,"1,385",38.94887,-77.024086,Townhouse for sale,477558,https://www.zillow.com/homedetails/808-Delafield-Pl-NW-Washington-DC-20011/477558_zpid/,06-10-2022_19:45:18
35 Adams St NW,Washington,DC,20001,"$1,450,000",4,4,"2,621",38.920555,-77.01036,Townhouse for sale,481178,https://www.zillow.com/homedetails/35-Adams-St-NW-Washington-DC-20001/481178_zpid/,06-10-2022_19:45:18
709 Gallatin St NW,Washington,DC,20011,"$1,099,900",4,4,"1,754",38.95232,-77.02266,Townhouse for sale,481971,https://www.zillow.com/homedetails/709-Gallatin-St-NW-Washington-DC-20011/481971_zpid/,06-10-2022_19:45:18
5235 8th St NW,Washington,DC,20011,"$650,000",3,2,"1,745",38.953735,-77.02358,Townhouse for sale,482023,https://www.zillow.com/homedetails/5235-8th-St-NW-Washington-DC-20011/482023_zpid/,06-10-2022_19:45:18
1515 15th St NW APT 206,Washington,DC,20005,"$575,000",1,2,675,38.910015,-77.03412,Condo for sale,88805863,https://www.zillow.com/homedetails/1515-15th-St-NW-APT-206-Washington-DC-20005/88805863_zpid/,06-10-2022_19:45:18
475 K St NW UNIT 1102,Washington,DC,20001,"$785,000",2,2,"1,147",38.902657,-77.01825,Condo for sale,88805960,https://www.zillow.com/homedetails/475-K-St-NW-UNIT-1102-Washington-DC-20001/88805960_zpid/,06-10-2022_19:45:18
Home 416 Plan,,,,"$329,900",-,1,438,38.875854,-77.00857,New construction,2066831563,https://www.zillow.com/community/avidian/2066831563_zpid/,06-10-2022_19:45:18
Whitlow Plan,,,,"$939,900",3,2,"2,086",38.928482,-77.00049,New construction,2063164853,https://www.zillow.com/community/brookland-grove/2063164853_zpid/,06-10-2022_19:45:18
The Lexicon - 419 Plan,,,,"$616,400",2,2,643,38.910206,-77.00735,New construction,2067330491,https://www.zillow.com/community/lexicon/2067330491_zpid/,06-10-2022_19:45:18
1910 Kalorama Rd NW APT 505,Washington,DC,20009,"$565,000",1,1,753,38.919113,-77.04554,Condo for sale,118233982,https://www.zillow.com/homedetails/1910-Kalorama-Rd-NW-APT-505-Washington-DC-20009/118233982_zpid/,06-10-2022_19:45:18
920 I St NW APT 710,Washington,DC,20001,"$1,095,000",2,2,"1,124",38.900757,-77.02451,Condo for sale,121038532,https://www.zillow.com/homedetails/920-I-St-NW-APT-710-Washington-DC-20001/121038532_zpid/,06-10-2022_19:45:18
1451 Park Rd NW APT 115,Washington,DC,20010,"$210,000",,1,284,38.930992,-77.03438,Condo for sale,121038586,https://www.zillow.com/homedetails/1451-Park-Rd-NW-APT-115-Washington-DC-20010/121038586_zpid/,06-10-2022_19:45:18
1223 Kenyon St NW #3,Washington,DC,20010,"$899,900",2,2,"1,305",38.929962,-77.02887,Townhouse for sale,123824786,https://www.zillow.com/homedetails/1223-Kenyon-St-NW-3-Washington-DC-20010/123824786_zpid/,06-10-2022_19:45:18
4211 3rd St NW,Washington,DC,20011,"$1,175,000",5,4,"2,140",38.942596,-77.01508,Townhouse for sale,487405,https://www.zillow.com/homedetails/4211-3rd-St-NW-Washington-DC-20011/487405_zpid/,06-10-2022_19:45:18
6304 N Capitol St NW,Washington,DC,20011,"$649,900",4,3,"1,618",38.96667,-77.00926,House for sale,488626,https://www.zillow.com/homedetails/6304-N-Capitol-St-NW-Washington-DC-20011/488626_zpid/,06-10-2022_19:45:18
1346 Downing St NE,Washington,DC,20018,"$649,900",3,3,"1,464",38.92062,-76.98612,Townhouse for sale,498249,https://www.zillow.com/homedetails/1346-Downing-St-NE-Washington-DC-20018/498249_zpid/,06-10-2022_19:45:18
1734 Montello Ave NE,Washington,DC,20002,"$2,600,000",1,1,"1,312",38.90983,-76.9855,House for sale,499866,https://www.zillow.com/homedetails/1734-Montello-Ave-NE-Washington-DC-20002/499866_zpid/,06-10-2022_19:45:18
1611 Meigs Pl NE,Washington,DC,20002,"$360,000",1,1,672,38.905476,-76.9806,House for sale,501358,https://www.zillow.com/homedetails/1611-Meigs-Pl-NE-Washington-DC-20002/501358_zpid/,06-10-2022_19:45:18
3122 Newton St NE,Washington,DC,20018,"$699,900",4,4,"2,014",38.93439,-76.96314,House for sale,504578,https://www.zillow.com/homedetails/3122-Newton-St-NE-Washington-DC-20018/504578_zpid/,06-10-2022_19:45:18
2605 Newton St NE,Washington,DC,20018,"$725,000",3,2,"1,790",38.933872,-76.96977,House for sale,504655,https://www.zillow.com/homedetails/2605-Newton-St-NE-Washington-DC-20018/504655_zpid/,06-10-2022_19:45:18
1953 H St NE,Washington,DC,20002,"$475,000",4,2,"1,636",38.899975,-76.974594,Townhouse for sale,507050,https://www.zillow.com/homedetails/1953-H-St-NE-Washington-DC-20002/507050_zpid/,06-10-2022_19:45:18
214 54th St SE,Washington,DC,20019,"$460,000",2,2,"1,200",38.88517,-76.92353,House for sale,515302,https://www.zillow.com/homedetails/214-54th-St-SE-Washington-DC-20019/515302_zpid/,06-10-2022_19:45:18
1703 Irving St NE,Washington,DC,20018,"$825,000",4,3,"2,280",38.92886,-76.98045,House for sale,502086,https://www.zillow.com/homedetails/1703-Irving-St-NE-Washington-DC-20018/502086_zpid/,06-10-2022_19:45:18
3100 Central Ave NE,Washington,DC,20018,"$849,000",6,3,"2,498",38.93011,-76.96666,House for sale,54657826,https://www.zillow.com/homedetails/3100-Central-Ave-NE-Washington-DC-20018/54657826_zpid/,06-10-2022_19:45:18
2634 Bowen Rd SE APT 303,Washington,DC,20020,"$165,000",3,1,930,38.860332,-76.99147,Condo for sale,61619321,https://www.zillow.com/homedetails/2634-Bowen-Rd-SE-APT-303-Washington-DC-20020/61619321_zpid/,06-10-2022_19:45:18
777 7th St NW APT 526,Washington,DC,20001,"$524,900",2,2,"1,000",38.8995,-77.02173,Condo for sale,63890222,https://www.zillow.com/homedetails/777-7th-St-NW-APT-526-Washington-DC-20001/63890222_zpid/,06-10-2022_19:45:18
1133 14th St NW APT 204,Washington,DC,20005,"$699,900",2,1,"1,000",38.9048,-77.03169,Condo for sale,71739041,https://www.zillow.com/homedetails/1133-14th-St-NW-APT-204-Washington-DC-20005/71739041_zpid/,06-10-2022_19:45:18
Home 114 Plan,,,,"$794,900",2,3,"1,220",38.912003,-77.00242,New construction,2068980141,https://www.zillow.com/community/city-homes/2068980141_zpid/,06-10-2022_19:45:18
2223 14th St SE,Washington,DC,20020,"$199,950",,,"3,108",38.863613,-76.986374,Lot / Land for sale,183121168,https://www.zillow.com/homedetails/2223-14th-St-SE-Washington-DC-20020/183121168_zpid/,06-10-2022_19:45:18
6803 Cameron Dr NW #501,Washington,DC,20012,"$426,550",1,1,612,38.973064,-77.02831,New construction,2062969378,https://www.zillow.com/homedetails/6803-Cameron-Dr-NW-501-Washington-DC-20012/2062969378_zpid/,06-10-2022_19:45:18
1722 W Virginia Ave NE APT 4,Washington,DC,20002,"$775,000",2,3,"1,710",38.910442,-76.98624,New construction,2062971550,https://www.zillow.com/homedetails/1722-W-Virginia-Ave-NE-APT-4-Washington-DC-20002/2062971550_zpid/,06-10-2022_19:45:18
5131 Hanna Pl SE,Washington,DC,20019,"$544,900",6,3,"2,204",38.879112,-76.92898,House for sale,515842,https://www.zillow.com/homedetails/5131-Hanna-Pl-SE-Washington-DC-20019/515842_zpid/,06-10-2022_19:45:18
3337 5th St SE,Washington,DC,20032,"$599,555",3,3,"2,348",38.84055,-76.99977,House for sale,527728,https://www.zillow.com/homedetails/3337-5th-St-SE-Washington-DC-20032/527728_zpid/,06-10-2022_19:45:18
Hom 101 Plan,,,,"$299,900",1,1,343,38.927505,-77.02279,New construction,2068980165,https://www.zillow.com/community/maddox/2068980165_zpid/,06-10-2022_19:45:18
Home 618 Plan,,,,"$784,900",2,2,"1,048",38.875854,-77.00857,New construction,2068980142,https://www.zillow.com/community/avidian/2068980142_zpid/,06-10-2022_19:45:18
Available Soon Plan,,,,$0,-,-,--,38.878357,-77.023834,New construction,2069118866,https://www.zillow.com/community/amaris/2069118866_zpid/,06-10-2022_19:45:18
1445 Florida Ave NW #2,Washington,DC,20009,"$830,000",2,2,929,38.91999,-77.03341,Townhouse for sale,2063170170,https://www.zillow.com/homedetails/1445-Florida-Ave-NW-2-Washington-DC-20009/2063170170_zpid/,06-10-2022_19:45:18
1224 Euclid St NW #2,Washington,DC,20009,"$899,000",2,3,"1,474",38.923534,-77.02893,Townhouse for sale,247164896,https://www.zillow.com/homedetails/1224-Euclid-St-NW-2-Washington-DC-20009/247164896_zpid/,06-10-2022_19:45:18
1615 Q St NW APT 410,Washington,DC,20009,"$310,000",,1,401,38.911266,-77.03698,Condo for sale,403201,https://www.zillow.com/homedetails/1615-Q-St-NW-APT-410-Washington-DC-20009/403201_zpid/,06-10-2022_19:45:18
618 6th St NE,Washington,DC,20002,"$1,749,000",4,4,"2,310",38.898003,-76.998665,Townhouse for sale,416125,https://www.zillow.com/homedetails/618-6th-St-NE-Washington-DC-20002/416125_zpid/,06-10-2022_19:45:18
1419 10th St NW APT 2,Washington,DC,20001,"$749,000",2,2,"1,050",38.909294,-77.02565,New construction,2064112650,https://www.zillow.com/homedetails/1419-10th-St-NW-APT-2-Washington-DC-20001/2064112650_zpid/,06-10-2022_19:45:18
1435 Clifton St NW #4,Washington,DC,20009,"$450,000",1,1,--,,,New construction,2064314308,https://www.zillow.com/homedetails/1435-Clifton-St-NW-4-Washington-DC-20009/2064314308_zpid/,06-10-2022_19:45:18
2500 Virginia Ave NW #1209,Washington,DC,20037,"$3,250,000",3,4,"3,650",,,Condo for sale,2065686212,https://www.zillow.com/homedetails/2500-Virginia-Ave-NW-1209-Washington-DC-20037/2065686212_zpid/,06-10-2022_19:45:18
1440 N St NW #506,Washington,DC,20005,"$369,500",2,1,731,,,Condo for sale,2070611125,https://www.zillow.com/homedetails/1440-N-St-NW-506-Washington-DC-20005/2070611125_zpid/,06-10-2022_19:45:18
1795 Lanier Pl Nw #1,Washington,DC,20009,"$699,900",2,2,"1,059",38.90364,-77.01989,Condo for sale,2083319311,https://www.zillow.com/homedetails/1795-Lanier-Pl-Nw-1-Washington-DC-20009/2083319311_zpid/,06-10-2022_19:45:18
233 12th St SE,Washington,DC,20003,"$1,350,000",3,2,"3,313",38.8867,-76.99054,Townhouse for sale,2085685088,https://www.zillow.com/homedetails/233-12th-St-SE-Washington-DC-20003/2085685088_zpid/,06-10-2022_19:45:18
1669 Columbia Rd NW APT 411,Washington,DC,20009,"$439,000",2,2,993,38.92573,-77.03869,Condo for sale,2091716135,https://www.zillow.com/homedetails/1669-Columbia-Rd-NW-APT-411-Washington-DC-20009/2091716135_zpid/,06-10-2022_19:45:18
2700 Virginia Ave Nw #1109,Washington,DC,22037,"$475,000",1,2,"1,275",38.899906,-77.056206,Condo for sale,2097052424,https://www.zillow.com/homedetails/2700-Virginia-Ave-Nw-1109-Washington-DC-22037/2097052424_zpid/,06-10-2022_19:45:18
1311 Delaware Ave SW APT S629,Washington,DC,20024,"$168,500",1,1,650,38.873444,-77.01545,Condo for sale,2106083888,https://www.zillow.com/homedetails/1311-Delaware-Ave-SW-APT-S629-Washington-DC-20024/2106083888_zpid/,06-10-2022_19:45:18
555 23rd Pl NE,Washington,DC,20002,"$740,000",3,2,"1,464",38.897404,-76.973076,Townhouse for sale,507286,https://www.zillow.com/homedetails/555-23rd-Pl-NE-Washington-DC-20002/507286_zpid/,06-10-2022_19:45:18
3337 Alden Pl NE,Washington,DC,20019,"$484,900",2,3,"1,364",38.891098,-76.95906,Townhouse for sale,508737,https://www.zillow.com/homedetails/3337-Alden-Pl-NE-Washington-DC-20019/508737_zpid/,06-10-2022_19:45:18
4227 Lane Pl NE,Washington,DC,20019,"$634,900",3,3,"2,060",38.904385,-76.942604,House for sale,510736,https://www.zillow.com/homedetails/4227-Lane-Pl-NE-Washington-DC-20019/510736_zpid/,06-10-2022_19:45:18
1322 T St SE,Washington,DC,20020,"$950,000",8,4,"2,878",38.86776,-76.98593,House for sale,521427,https://www.zillow.com/homedetails/1322-T-St-SE-Washington-DC-20020/521427_zpid/,06-10-2022_19:45:18
1320 T St SE,Washington,DC,20020,"$950,000",8,4,"3,464",38.86776,-76.98607,House for sale,521439,https://www.zillow.com/homedetails/1320-T-St-SE-Washington-DC-20020/521439_zpid/,06-10-2022_19:45:18
3914 Southern Ave SE,Washington,DC,20020,"$255,000",2,1,878,38.862885,-76.9486,Townhouse for sale,523531,https://www.zillow.com/homedetails/3914-Southern-Ave-SE-Washington-DC-20020/523531_zpid/,06-10-2022_19:45:18
1508 V St SE,Washington,DC,20020,"$895,000",8,4,"3,044",38.864876,-76.98326,House for sale,525137,https://www.zillow.com/homedetails/1508-V-St-SE-Washington-DC-20020/525137_zpid/,06-10-2022_19:45:18
3450 23rd St SE,Washington,DC,20020,"$399,900",3,1,"1,696",38.84631,-76.97138,Townhouse for sale,526558,https://www.zillow.com/homedetails/3450-23rd-St-SE-Washington-DC-20020/526558_zpid/,06-10-2022_19:45:18
3618 Martin Luther King Jr Ave SE,Washington,DC,20032,"$550,000",3,2,"1,330",38.83858,-77.00513,House for sale,528511,https://www.zillow.com/homedetails/3618-Martin-Luther-King-Jr-Ave-SE-Washington-DC-20032/528511_zpid/,06-10-2022_19:45:18
4014 Georgia Ave NW #101,Washington,DC,20011,"$369,999",1,1,580,,,New construction,2063411401,https://www.zillow.com/homedetails/4014-Georgia-Ave-NW-101-Washington-DC-20011/2063411401_zpid/,06-10-2022_19:45:18
3619 Georgia Ave NW #302,Washington,DC,20010,"$634,900",2,2,863,,,New construction,2072235814,https://www.zillow.com/homedetails/3619-Georgia-Ave-NW-302-Washington-DC-20010/2072235814_zpid/,06-10-2022_19:45:18
57 N St NW #406,Washington,DC,20001,"$749,900",1,2,"1,135",,,New construction,2075580984,https://www.zillow.com/homedetails/57-N-St-NW-406-Washington-DC-20001/2075580984_zpid/,06-10-2022_19:45:18
1308 4th St SW,Washington,DC,20024,"$550,000",3,2,--,38.874397,-77.017296,Townhouse for sale,2093283027,https://www.zillow.com/homedetails/1308-4th-St-SW-Washington-DC-20024/2093283027_zpid/,06-10-2022_19:45:18
1715 N Capitol St NE APT 3,Washington,DC,20002,"$249,900",1,1,572,38.91311,-77.00867,New construction,2094862116,https://www.zillow.com/homedetails/1715-N-Capitol-St-NE-APT-3-Washington-DC-20002/2094862116_zpid/,06-10-2022_19:45:18
1725 Q St NW APT G2,Washington,DC,20009,"$294,900",,1,578,38.911392,-77.03962,Townhouse for sale,2094998640,https://www.zillow.com/homedetails/1725-Q-St-NW-APT-G2-Washington-DC-20009/2094998640_zpid/,06-10-2022_19:45:18
1301 Delaware Ave SW APT N508,Washington,DC,20024,"$124,000",,1,550,38.87384,-77.01595,Condo for sale,2124033601,https://www.zillow.com/homedetails/1301-Delaware-Ave-SW-APT-N508-Washington-DC-20024/2124033601_zpid/,06-10-2022_19:45:18
2337 Champlain St NW #109,Washington,DC,20009,"$424,900",1,1,532,38.92151,-77.04096,Condo for sale,247164740,https://www.zillow.com/homedetails/2337-Champlain-St-NW-109-Washington-DC-20009/247164740_zpid/,06-10-2022_19:45:18
1427 Rhode Island Ave NW UNIT 604,Washington,DC,20005,"$1,350,000",2,2,"1,500",38.908665,-77.03334,Condo for sale,311111496,https://www.zillow.com/homedetails/1427-Rhode-Island-Ave-NW-UNIT-604-Washington-DC-20005/311111496_zpid/,06-10-2022_19:45:18
5009 11th St NE,Washington,DC,20017,"$649,900",4,3,"1,700",38.950684,-76.99136,House for sale,497232,https://www.zillow.com/homedetails/5009-11th-St-NE-Washington-DC-20017/497232_zpid/,06-10-2022_19:45:18
4725 12th St NE,Washington,DC,20017,"$935,000",5,3,"2,368",38.947018,-76.98996,House for sale,497627,https://www.zillow.com/homedetails/4725-12th-St-NE-Washington-DC-20017/497627_zpid/,06-10-2022_19:45:18
4707 13th Pl NE,Washington,DC,20017,"$665,000",3,3,"1,760",38.946884,-76.98799,House for sale,498978,https://www.zillow.com/homedetails/4707-13th-Pl-NE-Washington-DC-20017/498978_zpid/,06-10-2022_19:45:18
1829 L St NE,Washington,DC,20002,"$649,000",2,2,840,38.903446,-76.97723,Townhouse for sale,506730,https://www.zillow.com/homedetails/1829-L-St-NE-Washington-DC-20002/506730_zpid/,06-10-2022_19:45:18
1826 H St NE,Washington,DC,20002,"$650,000",2,1,"1,146",38.900414,-76.97665,Townhouse for sale,506813,https://www.zillow.com/homedetails/1826-H-St-NE-Washington-DC-20002/506813_zpid/,06-10-2022_19:45:18
1903 D St NE,Washington,DC,20002,"$749,900",3,2,"1,464",38.894547,-76.97705,Townhouse for sale,508331,https://www.zillow.com/homedetails/1903-D-St-NE-Washington-DC-20002/508331_zpid/,06-10-2022_19:45:18
5705 Nannie Helen Burroughs Ave NE,Washington,DC,20019,"$509,900",4,3,"1,188",38.898117,-76.91873,House for sale,513687,https://www.zillow.com/homedetails/5705-Nannie-Helen-Burroughs-Ave-NE-Washington-DC-20019/513687_zpid/,06-10-2022_19:45:18
246 Division Ave NE,Washington,DC,20019,"$400,000",3,1,"1,350",38.893517,-76.927704,House for sale,513836,https://www.zillow.com/homedetails/246-Division-Ave-NE-Washington-DC-20019/513836_zpid/,06-10-2022_19:45:18
1404 11th St NW UNIT 202,Washington,DC,20001,"$550,000",2,2,"1,053",38.908848,-77.027306,Foreclosure,54654721,https://www.zillow.com/homedetails/1404-11th-St-NW-UNIT-202-Washington-DC-20001/54654721_zpid/,06-10-2022_19:45:18
700 New Hampshire Ave NW #1414,Washington,DC,20037,"$525,000",1,1,906,38.8983,-77.0555,Condo for sale,2078331166,https://www.zillow.com/homedetails/700-New-Hampshire-Ave-NW-1414-Washington-DC-20037/2078331166_zpid/,06-10-2022_19:45:18
1000 New Jersey Ave SE PH 14,Washington,DC,20003,"$379,000",1,1,700,,,Condo for sale,2082858717,https://www.zillow.com/homedetails/1000-New-Jersey-Ave-SE-PH-14-Washington-DC-20003/2082858717_zpid/,06-10-2022_19:45:18
2540 Massachusetts Ave NW #501,Washington,DC,20008,"$550,000",1,1,925,,,Condo for sale,2128242836,https://www.zillow.com/homedetails/2540-Massachusetts-Ave-NW-501-Washington-DC-20008/2128242836_zpid/,06-10-2022_19:45:18
1326 Montello Ave NE #2,Washington,DC,20002,"$850,000",2,3,"1,496",38.90536,-76.98865,Condo for sale,247164638,https://www.zillow.com/homedetails/1326-Montello-Ave-NE-2-Washington-DC-20002/247164638_zpid/,06-10-2022_19:45:18
3915 9th St NE #2,Washington,DC,20017,"$375,000",2,1,713,38.93854,-76.993965,Condo for sale,334524679,https://www.zillow.com/homedetails/3915-9th-St-NE-2-Washington-DC-20017/334524679_zpid/,06-10-2022_19:45:18
1260 21st St NW APT 905,Washington,DC,20036,"$314,900",1,1,534,38.906746,-77.04703,Condo for sale,397127,https://www.zillow.com/homedetails/1260-21st-St-NW-APT-905-Washington-DC-20036/397127_zpid/,06-10-2022_19:45:18
1420 N St NW APT 701,Washington,DC,20005,"$585,000",2,1,925,38.90711,-77.03299,Condo for sale,405140,https://www.zillow.com/homedetails/1420-N-St-NW-APT-701-Washington-DC-20005/405140_zpid/,06-10-2022_19:45:18
1133 3rd St NE,Washington,DC,20002,"$725,000",2,2,840,38.904564,-77.00178,Townhouse for sale,414168,https://www.zillow.com/homedetails/1133-3rd-St-NE-Washington-DC-20002/414168_zpid/,06-10-2022_19:45:18
953 14th St SE,Washington,DC,20003,"$1,890,000",4,5,"2,600",38.87876,-76.98585,New construction,424333,https://www.zillow.com/homedetails/953-14th-St-SE-Washington-DC-20003/424333_zpid/,06-10-2022_19:45:18
700 7th St SW APT 621,Washington,DC,20024,"$475,000",2,1,849,38.88028,-77.02171,Condo for sale,409394,https://www.zillow.com/homedetails/700-7th-St-SW-APT-621-Washington-DC-20024/409394_zpid/,06-10-2022_19:45:18
1412 Half St SW,Washington,DC,20024,"$699,900",2,3,"1,280",38.87256,-77.01039,Townhouse for sale,412966,https://www.zillow.com/homedetails/1412-Half-St-SW-Washington-DC-20024/412966_zpid/,06-10-2022_19:45:18
1506 30th St NW,Washington,DC,20007,"$2,195,000",4,5,"2,800",38.90957,-77.059456,Townhouse for sale,430577,https://www.zillow.com/homedetails/1506-30th-St-NW-Washington-DC-20007/430577_zpid/,06-10-2022_19:45:18
1622 34th St NW,Washington,DC,20007,"$2,300,000",3,4,"2,308",38.911335,-77.068085,Townhouse for sale,430826,https://www.zillow.com/homedetails/1622-34th-St-NW-Washington-DC-20007/430826_zpid/,06-10-2022_19:45:18
743 Harvard St NW,Washington,DC,20001,"$799,000",3,3,"1,350",38.927128,-77.02456,Townhouse for sale,474393,https://www.zillow.com/homedetails/743-Harvard-St-NW-Washington-DC-20001/474393_zpid/,06-10-2022_19:45:18
741 Morton St NW,Washington,DC,20010,"$995,000",2,3,"1,584",38.932194,-77.02504,New construction,474736,https://www.zillow.com/homedetails/741-Morton-St-NW-Washington-DC-20010/474736_zpid/,06-10-2022_19:45:18
6425 Kansas Ave NE,Washington,DC,20012,"$820,000",3,1,"1,694",38.968185,-77.00605,House for sale,493336,https://www.zillow.com/homedetails/6425-Kansas-Ave-NE-Washington-DC-20012/493336_zpid/,06-10-2022_19:45:18
3520 Ely Pl SE,Washington,DC,20019,"$1,275,000",8,-,"3,362",38.883793,-76.95494,Multi-family home for sale,518664,https://www.zillow.com/homedetails/3520-Ely-Pl-SE-Washington-DC-20019/518664_zpid/,06-10-2022_19:45:18
877 Barnaby St SE,Washington,DC,20032,"$440,000",3,3,"2,026",38.831165,-76.99184,Townhouse for sale,54658645,https://www.zillow.com/homedetails/877-Barnaby-St-SE-Washington-DC-20032/54658645_zpid/,06-10-2022_19:45:18
2321 14th Pl SE,Washington,DC,20020,"$315,000",2,2,"1,060",38.859135,-76.987236,Townhouse for sale,525783,https://www.zillow.com/homedetails/2321-14th-Pl-SE-Washington-DC-20020/525783_zpid/,06-10-2022_19:45:18
3900 14th St NW APT 403,Washington,DC,20011,"$429,000",2,1,976,38.93891,-77.03376,Condo for sale,108441974,https://www.zillow.com/homedetails/3900-14th-St-NW-APT-403-Washington-DC-20011/108441974_zpid/,06-10-2022_19:45:18
5201 Wisconsin Ave NW #413,Washington,DC,20015,"$475,000",1,1,624,38.9573,-77.08331,Condo for sale,114414203,https://www.zillow.com/homedetails/5201-Wisconsin-Ave-NW-413-Washington-DC-20015/114414203_zpid/,06-10-2022_19:45:18
1341 Irving St NW APT A,Washington,DC,20010,"$639,000",2,2,"1,274",38.928936,-77.03113,Townhouse for sale,119083597,https://www.zillow.com/homedetails/1341-Irving-St-NW-APT-A-Washington-DC-20010/119083597_zpid/,06-10-2022_19:45:18
925 H St NW APT 406,Washington,DC,20001,"$815,000",2,2,961,38.89995,-77.02445,Condo for sale,121340594,https://www.zillow.com/homedetails/925-H-St-NW-APT-406-Washington-DC-20001/121340594_zpid/,06-10-2022_19:45:18
513 C St NE,Washington,DC,20002,"$4,200,000",5,6,"4,480",38.892834,-76.99886,Townhouse for sale,124002976,https://www.zillow.com/homedetails/513-C-St-NE-Washington-DC-20002/124002976_zpid/,06-10-2022_19:45:18
3622 Commodore Joshua Barney Dr NE,Washington,DC,20018,"$650,000",3,5,"2,100",38.92414,-76.95376,Townhouse for sale,183134769,https://www.zillow.com/homedetails/3622-Commodore-Joshua-Barney-Dr-NE-Washington-DC-20018/183134769_zpid/,06-10-2022_19:45:18
1234 Euclid St NW #2,Washington,DC,20009,"$900,000",3,3,"1,298",38.923565,-77.029236,Townhouse for sale,183134946,https://www.zillow.com/homedetails/1234-Euclid-St-NW-2-Washington-DC-20009/183134946_zpid/,06-10-2022_19:45:18
1301 W Virginia Ave NE #1,Washington,DC,20002,"$775,000",4,2,"1,375",38.90558,-76.99095,New construction,2063077268,https://www.zillow.com/homedetails/1301-W-Virginia-Ave-NE-1-Washington-DC-20002/2063077268_zpid/,06-10-2022_19:45:18
1101 3rd St SW APT 613,Washington,DC,20024,"$449,900",1,1,894,38.877686,-77.01595,Condo for sale,97307126,https://www.zillow.com/homedetails/1101-3rd-St-SW-APT-613-Washington-DC-20024/97307126_zpid/,06-10-2022_19:45:18
2238 11th St NW APT 2,Washington,DC,20001,"$850,000",2,3,"1,417",38.920258,-77.027405,Condo for sale,114415382,https://www.zillow.com/homedetails/2238-11th-St-NW-APT-2-Washington-DC-20001/114415382_zpid/,06-10-2022_19:45:18
920 I St NW APT 812,Washington,DC,20001,"$660,000",1,1,635,38.900757,-77.02451,Condo for sale,121340582,https://www.zillow.com/homedetails/920-I-St-NW-APT-812-Washington-DC-20001/121340582_zpid/,06-10-2022_19:45:18
43 Hanover Pl NW #1,Washington,DC,20001,"$549,000",2,2,870,38.908066,-77.01033,Townhouse for sale,123824144,https://www.zillow.com/homedetails/43-Hanover-Pl-NW-1-Washington-DC-20001/123824144_zpid/,06-10-2022_19:45:18
1250 4th St SW APT 401,Washington,DC,20024,"$399,900",1,1,890,38.875458,-77.01737,Condo for sale,2063132983,https://www.zillow.com/homedetails/1250-4th-St-SW-APT-401-Washington-DC-20024/2063132983_zpid/,06-10-2022_19:45:18
4315 Harrison St NW #6,Washington,DC,20015,"$599,000",2,1,735,38.957264,-77.08487,New construction,2063133975,https://www.zillow.com/homedetails/4315-Harrison-St-NW-6-Washington-DC-20015/2063133975_zpid/,06-10-2022_19:45:18
4315 Harrison St NW #8,Washington,DC,20015,"$689,000",1,1,918,38.957264,-77.08487,New construction,2063249307,https://www.zillow.com/homedetails/4315-Harrison-St-NW-8-Washington-DC-20015/2063249307_zpid/,06-10-2022_19:45:18
1601 18th St NW SUITE 2B,Washington,DC,20009,"$500,000",3,1,"1,227",,,Condo for sale,2072830375,https://www.zillow.com/homedetails/1601-18th-St-NW-SUITE-2B-Washington-DC-20009/2072830375_zpid/,06-10-2022_19:45:18
2020 12th St NW PH 10,Washington,DC,20009,"$1,199,000",2,2,"1,502",38.918,-77.02846,Condo for sale,2092227532,https://www.zillow.com/homedetails/2020-12th-St-NW-PH-10-Washington-DC-20009/2092227532_zpid/,06-10-2022_19:45:18
3465 14th St NW APT A,Washington,DC,20010,"$624,900",2,2,"1,100",38.934105,-77.03238,Condo for sale,119083562,https://www.zillow.com/homedetails/3465-14th-St-NW-APT-A-Washington-DC-20010/119083562_zpid/,06-10-2022_19:45:18
1716 3rd St NE #B,Washington,DC,20002,"$879,000",3,2,"1,733",38.913136,-77.002205,New construction,124230568,https://www.zillow.com/homedetails/1716-3rd-St-NE-B-Washington-DC-20002/124230568_zpid/,06-10-2022_19:45:18
2550 17th St NW UNIT 302,Washington,DC,20009,"$299,000",,1,353,38.924488,-77.03936,Condo for sale,126228507,https://www.zillow.com/homedetails/2550-17th-St-NW-UNIT-302-Washington-DC-20009/126228507_zpid/,06-10-2022_19:45:18
215 17th St SE #1,Washington,DC,20003,"$699,000",2,3,"1,234",38.88711,-76.981125,Townhouse for sale,126228572,https://www.zillow.com/homedetails/215-17th-St-SE-1-Washington-DC-20003/126228572_zpid/,06-10-2022_19:45:18
3606 Wright Ter NE,Washington,DC,20018,"$725,000",4,4,"2,273",38.923286,-76.95602,Townhouse for sale,183094086,https://www.zillow.com/homedetails/3606-Wright-Ter-NE-Washington-DC-20018/183094086_zpid/,06-10-2022_19:45:18
5044 Meade St NE,Washington,DC,20019,"$150,000",,,"6,347",38.906456,-76.92773,Lot / Land for sale,183104459,https://www.zillow.com/homedetails/5044-Meade-St-NE-Washington-DC-20019/183104459_zpid/,06-10-2022_19:45:18
5042 Meade St NE,Washington,DC,20019,"$150,000",,,"6,773",38.906467,-76.92793,Lot / Land for sale,183104460,https://www.zillow.com/homedetails/5042-Meade-St-NE-Washington-DC-20019/183104460_zpid/,06-10-2022_19:45:18
210 Varnum St NW #2,Washington,DC,20011,"$489,999",2,2,755,38.94296,-77.01442,Condo for sale,2063144785,https://www.zillow.com/homedetails/210-Varnum-St-NW-2-Washington-DC-20011/2063144785_zpid/,06-10-2022_19:45:18
4804 Georgia Ave NW UNIT 102,Washington,DC,20011,"$344,900",1,1,519,38.948696,-77.027336,New construction,2063154023,https://www.zillow.com/homedetails/4804-Georgia-Ave-NW-UNIT-102-Washington-DC-20011/2063154023_zpid/,06-10-2022_19:45:18
842 Xenia St SE,Washington,DC,20032,"$465,000",3,3,"1,152",38.833233,-76.99284,Townhouse for sale,528709,https://www.zillow.com/homedetails/842-Xenia-St-SE-Washington-DC-20032/528709_zpid/,06-10-2022_19:45:18
156 Darrington St SW,Washington,DC,20032,"$479,900",3,2,928,38.826733,-77.01157,House for sale,529847,https://www.zillow.com/homedetails/156-Darrington-St-SW-Washington-DC-20032/529847_zpid/,06-10-2022_19:45:18
631 D St NW APT 636,Washington,DC,20004,"$479,999",1,1,740,38.895504,-77.0213,Condo for sale,68080485,https://www.zillow.com/homedetails/631-D-St-NW-APT-636-Washington-DC-20004/68080485_zpid/,06-10-2022_19:45:18
1111 25th St NW APT 807,Washington,DC,20037,"$627,000",1,1,"1,016",38.90456,-77.053116,Condo for sale,68082771,https://www.zillow.com/homedetails/1111-25th-St-NW-APT-807-Washington-DC-20037/68082771_zpid/,06-10-2022_19:45:18
1133 14th St NW APT 305,Washington,DC,20005,"$299,800",,1,433,38.9048,-77.03169,Condo for sale,71739050,https://www.zillow.com/homedetails/1133-14th-St-NW-APT-305-Washington-DC-20005/71739050_zpid/,06-10-2022_19:45:18
811 4th St NW UNIT 901,Washington,DC,20001,"$459,900",1,1,720,38.901184,-77.01593,Condo for sale,82298560,https://www.zillow.com/homedetails/811-4th-St-NW-UNIT-901-Washington-DC-20001/82298560_zpid/,06-10-2022_19:45:18
925 H St NW APT 506,Washington,DC,20001,"$850,000",2,2,"1,033",38.89995,-77.02445,Condo for sale,121341543,https://www.zillow.com/homedetails/925-H-St-NW-APT-506-Washington-DC-20001/121341543_zpid/,06-10-2022_19:45:18
1733 1st St NW UNIT 1,Washington,DC,20001,"$999,000",3,4,"1,550",38.913624,-77.011826,Townhouse for sale,2063177378,https://www.zillow.com/homedetails/1733-1st-St-NW-UNIT-1-Washington-DC-20001/2063177378_zpid/,06-10-2022_19:45:18
1733 1st St NW UNIT 2,Washington,DC,20001,"$1,150,000",3,4,"1,350",38.913624,-77.011826,Townhouse for sale,2063177450,https://www.zillow.com/homedetails/1733-1st-St-NW-UNIT-2-Washington-DC-20001/2063177450_zpid/,06-10-2022_19:45:18
912 F St NW APT 706,Washington,DC,20004,"$1,100,000",2,3,"1,676",38.897015,-77.02471,Condo for sale,71739719,https://www.zillow.com/homedetails/912-F-St-NW-APT-706-Washington-DC-20004/71739719_zpid/,06-10-2022_19:45:18
4311-4345 Massachusetts Ave NW UNIT 4311,Washington,DC,20016,"$720,000",2,3,"1,184",38.93698,-77.08394,Condo for sale,2063196193,https://www.zillow.com/homedetails/4311-4345-Massachusetts-Ave-NW-UNIT-4311-Washington-DC-20016/2063196193_zpid/,06-10-2022_19:45:18
1613 Harvard St NW APT 301,Washington,DC,20009,"$675,000",2,1,"1,367",38.92733,-77.03735,Condo for sale,103865994,https://www.zillow.com/homedetails/1613-Harvard-St-NW-APT-301-Washington-DC-20009/103865994_zpid/,06-10-2022_19:45:18
3517 13th St NW APT 1,Washington,DC,20010,"$335,000",1,1,556,38.933193,-77.02939,Condo for sale,108265165,https://www.zillow.com/homedetails/3517-13th-St-NW-APT-1-Washington-DC-20010/108265165_zpid/,06-10-2022_19:45:18
447 Ridge St NW #2,Washington,DC,20001,"$929,000",2,3,"1,730",38.90668,-77.017715,Condo for sale,121148668,https://www.zillow.com/homedetails/447-Ridge-St-NW-2-Washington-DC-20001/121148668_zpid/,06-10-2022_19:45:18
95 Waltman Pl NE,Washington,DC,20011,"$769,990",4,4,"1,944",38.96311,-77.006165,Townhouse for sale,121342239,https://www.zillow.com/homedetails/95-Waltman-Pl-NE-Washington-DC-20011/121342239_zpid/,06-10-2022_19:45:18
655 16th St NE,Washington,DC,20002,"$1,143,279",5,5,"3,664",38.898357,-76.98165,Townhouse for sale,124230734,https://www.zillow.com/homedetails/655-16th-St-NE-Washington-DC-20002/124230734_zpid/,06-10-2022_19:45:18
4311 Massachusetts Ave NW #4311-4345,Washington,DC,20016,"$720,000",2,3,"1,184",38.93682,-77.083885,Townhouse for sale,2063197769,https://www.zillow.com/homedetails/4311-Massachusetts-Ave-NW-4311-4345-Washington-DC-20016/2063197769_zpid/,06-10-2022_19:45:18
1014 1/2 17th Pl NE APT 6,Washington,DC,20002,"$315,000",1,1,--,38.903023,-76.98038,New construction,2063206312,https://www.zillow.com/homedetails/1014-1-2-17th-Pl-NE-APT-6-Washington-DC-20002/2063206312_zpid/,06-10-2022_19:45:18
